cost_id,cost_date,cost_type, amount ,
1,05/06/2023,Marketing, 510.23 ,
2,23/05/2023,Sales Commission," 1,202.42 ",
3,10/09/2024,IT, 936.26 ,
4,11/10/2023,Marketing, 455.86 ,
5,15/07/2024,IT," 1,425.45 ",
6,04/02/2023,Marketing, 426.02 ,
8,29/10/2024,Network," 1,356.74 ",
9,28/01/2024,Sales Commission," 1,133.55 ",
10,12/02/2024,Marketing, 396.83 ,
11,03/12/2024,Network, 693.43 ,
12,23/01/2024,Sales Commission, 253.39 ,
14,24/10/2023,Network," 1,022.51 ",
15,19/11/2023,Network, 492.04 ,
16,02/05/2024,IT, 859.52 ,
17,23/07/2024,HR, 434.78 ,
18,08/02/2023,Marketing, 479.39 ,
19,19/05/2024,Sales Commission," 1,367.82 ",
20,17/05/2024,HR," 1,050.26 ",
21,20/06/2024,Marketing, 330.89 ,
23,10/05/2024,Sales Commission, 103.81 ,
24,27/04/2023,Sales Commission, 463.45 ,
25,08/12/2023,HR, 258.09 ,
26,28/08/2023,IT," 1,114.23 ",
27,17/11/2024,Marketing, 971.63 ,
28,20/03/2024,HR, 667.41 ,
29,01/05/2024,IT, 402.89 ,
30,15/02/2024,IT," 1,287.83 ",
32,25/10/2023,Sales Commission, 530.03 ,
33,21/02/2023,Marketing, 553.20 ,
34,31/10/2023,Marketing, 952.80 ,
35,15/10/2023,HR, 157.86 ,
36,25/10/2024,Network, 636.20 ,
37,28/04/2023,HR, 269.01 ,
38,28/02/2024,Marketing, 892.45 ,
39,08/10/2024,Sales Commission," 1,137.28 ",
40,28/07/2023,HR, 346.79 ,
41,07/05/2023,Network, 114.85 ,
42,20/10/2023,HR, 642.07 ,
44,10/08/2023,Network," 1,531.38 ",
46,04/12/2023,Sales Commission," 1,443.20 ",
47,02/10/2023,Marketing," 1,488.29 ",
48,27/04/2023,HR, 594.36 ,
49,19/10/2023,HR," 1,260.84 ",
50,28/09/2023,IT, 230.78 ,
51,22/03/2024,IT," 1,532.38 ",
52,06/06/2023,Marketing, 250.50 ,
53,25/07/2024,HR, 153.96 ,
56,17/10/2024,IT," 1,093.47 ",
57,03/11/2024,Network, 325.91 ,
58,23/08/2024,IT, 157.74 ,
59,16/01/2023,IT," 1,171.74 ",
60,08/04/2023,Marketing, 928.99 ,
62,27/10/2023,Network," 1,423.16 ",
63,26/02/2024,HR, 369.04 ,
64,03/11/2023,Sales Commission, 997.01 ,
65,01/10/2023,HR, 214.84 ,
66,18/09/2023,HR," 1,407.70 ",
68,28/11/2023,Network, 684.11 ,
69,25/04/2023,Marketing," 1,192.66 ",
70,25/09/2023,IT, 305.59 ,
72,14/03/2023,IT," 1,221.57 ",
73,10/02/2024,IT," 1,051.19 ",
74,27/06/2023,Sales Commission," 1,158.52 ",
76,04/02/2024,Sales Commission, 488.71 ,
79,11/11/2024,IT," 1,130.29 ",
80,30/04/2024,Sales Commission," 1,465.80 ",
81,02/08/2024,Network," 1,060.38 ",
82,28/02/2023,Network, 82.96 ,
83,03/10/2024,HR, 239.74 ,
84,23/09/2023,IT, 977.82 ,
85,16/03/2023,HR," 1,214.14 ",
87,19/05/2024,Network, 205.36 ,
88,23/12/2023,HR," 1,170.73 ",
90,06/08/2023,IT," 1,602.50 ",
91,30/04/2024,HR," 1,200.29 ",
92,23/06/2024,HR, 893.29 ,
95,24/05/2023,IT," 1,013.00 ",
96,15/01/2024,HR," 1,493.15 ",
97,09/11/2023,Marketing, 545.93 ,
98,11/02/2024,Sales Commission," 1,153.22 ",
100,04/10/2023,HR," 1,049.82 ",
102,13/02/2024,IT, 287.68 ,
103,10/11/2023,Marketing," 1,350.88 ",
104,02/07/2024,Network, 352.86 ,
105,06/09/2023,HR, 679.61 ,
107,03/02/2024,Network, 861.32 ,
108,29/10/2024,IT, 43.41 ,
109,26/03/2024,IT, 160.83 ,
110,15/04/2024,Network, 377.80 ,
111,05/10/2024,Marketing, 53.57 ,
112,12/07/2024,HR, 486.02 ,
115,07/12/2024,IT," 1,050.86 ",
116,13/04/2023,Network," 1,264.70 ",
118,13/11/2024,Marketing, 981.91 ,
119,23/08/2024,Marketing," 1,094.43 ",
120,03/09/2023,Marketing, 196.65 ,
121,27/02/2023,HR, 226.81 ,
122,15/04/2023,IT, 428.63 ,
123,22/11/2024,HR, 729.49 ,
124,10/03/2023,Network," 1,112.75 ",
125,29/10/2023,Sales Commission, 842.09 ,
126,02/06/2023,Sales Commission, 192.51 ,
127,20/06/2024,Sales Commission," 1,212.09 ",
128,04/02/2023,Marketing," 1,066.52 ",
129,15/01/2023,HR, 656.32 ,
131,30/12/2024,Marketing," 1,580.77 ",
132,15/03/2023,Network," 1,293.73 ",
134,03/07/2024,Sales Commission, 242.99 ,
135,16/07/2023,Marketing, 727.88 ,
136,07/10/2023,Sales Commission, 222.63 ,
137,16/11/2024,IT, 557.18 ,
138,09/07/2024,HR, 215.04 ,
139,27/10/2024,Sales Commission, 842.97 ,
142,22/05/2023,Network," 1,287.99 ",
143,08/11/2023,Network, 141.19 ,
144,07/10/2024,IT, 948.58 ,
147,12/09/2023,IT, 99.55 ,
148,25/02/2023,HR, 736.40 ,
149,20/10/2023,HR," 1,124.67 ",
152,22/02/2023,IT, 917.02 ,
153,11/04/2023,IT," 1,214.58 ",
154,11/04/2024,Network, 142.44 ,
155,24/09/2023,IT," 1,553.71 ",
156,02/01/2023,IT," 1,169.77 ",
158,31/07/2024,IT, 58.59 ,
159,31/07/2023,IT, 129.95 ,
160,24/08/2023,Marketing, 876.62 ,
161,12/06/2024,Network, 63.45 ,
162,23/01/2024,Marketing, 619.98 ,
163,14/01/2023,Sales Commission, 229.50 ,
164,02/06/2024,Network," 1,088.53 ",
165,10/08/2023,IT," 1,081.99 ",
166,07/09/2024,IT," 1,315.70 ",
172,01/04/2023,HR, 732.54 ,
174,12/03/2024,IT, 796.07 ,
175,26/12/2024,Sales Commission, 517.94 ,
176,12/02/2023,Network," 1,424.76 ",
179,12/11/2023,Sales Commission, 753.30 ,
180,24/05/2023,Marketing, 966.49 ,
181,25/11/2023,HR, 187.49 ,
182,28/07/2023,Sales Commission, 617.69 ,
183,09/04/2023,IT, 660.02 ,
184,30/11/2024,Network, 794.06 ,
185,24/04/2023,Marketing," 1,487.01 ",
186,24/06/2023,Marketing, 226.40 ,
187,28/09/2023,Network, 155.25 ,
188,04/03/2023,IT, 411.65 ,
189,08/02/2024,HR, 399.48 ,
190,13/08/2023,Network, 958.86 ,
191,10/06/2023,HR, 47.67 ,
192,05/02/2023,IT," 1,336.02 ",
194,14/10/2024,Sales Commission, 881.92 ,
195,14/11/2023,IT," 1,241.29 ",
196,08/12/2024,HR, 807.07 ,
197,24/10/2024,Network, 337.64 ,
198,31/03/2024,IT, 709.93 ,
199,26/09/2023,IT, 182.03 ,
200,10/12/2023,Sales Commission, 206.41 ,
201,09/02/2023,Network," 1,518.33 ",
202,18/02/2024,Sales Commission," 1,109.05 ",
203,15/01/2024,HR, 869.56 ,
204,10/08/2023,HR," 1,275.98 ",
206,13/08/2023,IT, 629.50 ,
207,01/04/2024,Network, 281.30 ,
208,03/06/2023,Network, 275.88 ,
209,07/10/2023,Sales Commission, 196.93 ,
211,08/02/2023,Network, 520.95 ,
213,12/09/2024,Marketing, 130.95 ,
215,03/05/2024,Marketing, 755.11 ,
216,17/07/2023,HR, 966.86 ,
218,21/06/2023,Marketing," 1,031.23 ",
219,22/05/2024,Marketing, 717.28 ,
220,09/02/2024,Sales Commission, 919.67 ,
223,01/12/2024,HR, 396.91 ,
224,25/10/2024,Marketing, 162.15 ,
225,11/05/2023,IT," 1,363.77 ",
226,17/09/2024,Sales Commission," 1,307.59 ",
227,20/01/2024,HR," 1,086.84 ",
228,01/02/2024,HR," 1,328.55 ",
229,19/07/2024,Sales Commission, 514.05 ,
230,23/10/2023,Network, 881.72 ,
231,18/01/2024,Marketing, 143.76 ,
232,26/05/2024,Sales Commission," 1,106.08 ",
235,27/08/2024,HR," 1,343.41 ",
237,08/10/2023,Marketing, 493.01 ,
239,24/02/2024,HR," 1,364.85 ",
240,11/07/2023,Sales Commission, 75.29 ,
241,28/09/2024,IT, 508.14 ,
242,03/03/2024,Sales Commission, 88.18 ,
244,04/03/2024,HR, 979.75 ,
245,27/01/2024,IT, 617.21 ,
246,07/12/2023,IT," 1,185.31 ",
247,30/06/2024,HR," 1,199.04 ",
248,06/02/2024,IT, 90.23 ,
249,16/02/2023,IT," 1,026.57 ",
251,29/02/2024,IT, 325.71 ,
252,31/05/2024,Marketing, 882.37 ,
253,28/09/2024,HR," 1,431.75 ",
254,24/11/2023,HR, 52.61 ,
255,28/03/2023,Network, 472.24 ,
256,29/05/2024,Sales Commission, 762.50 ,
257,14/06/2023,Network, 925.33 ,
258,11/08/2023,IT," 1,041.83 ",
259,24/10/2023,IT," 1,498.41 ",
260,26/03/2024,Marketing," 1,570.89 ",
261,09/12/2023,Marketing," 1,020.02 ",
262,07/12/2023,Marketing, 738.12 ,
263,05/04/2024,Marketing," 1,375.93 ",
264,27/01/2024,Marketing, 926.38 ,
266,04/07/2024,Marketing, 88.26 ,
268,16/01/2024,Marketing, 277.48 ,
269,08/09/2024,HR, 260.38 ,
271,09/10/2024,Sales Commission, 63.29 ,
272,04/01/2023,Marketing," 1,358.14 ",
276,14/06/2024,Marketing," 1,365.17 ",
277,17/12/2024,IT," 1,058.29 ",
279,02/02/2023,Network," 1,254.06 ",
280,23/10/2024,HR, 522.92 ,
281,05/12/2024,IT, 79.67 ,
282,19/05/2023,Marketing, 548.54 ,
283,29/09/2023,HR," 1,045.84 ",
284,15/07/2023,Marketing, 797.15 ,
286,15/12/2023,Network," 1,377.34 ",
287,13/02/2023,IT, 590.75 ,
288,28/12/2024,HR, 491.00 ,
289,01/09/2023,HR, 362.54 ,
290,09/01/2023,Network, 720.61 ,
291,12/12/2024,Marketing," 1,359.59 ",
292,20/03/2023,IT," 1,586.31 ",
293,09/07/2023,Sales Commission," 1,083.51 ",
294,27/03/2023,Network," 1,482.31 ",
295,29/04/2024,Network, 92.04 ,
296,28/09/2023,IT, 999.10 ,
297,27/05/2024,Marketing," 1,346.78 ",
298,20/01/2023,HR, 343.70 ,
299,03/05/2024,Network," 1,507.85 ",
300,10/05/2023,IT," 1,452.03 ",
301,04/10/2024,IT, 905.09 ,
302,07/01/2023,IT, 570.39 ,
303,04/12/2024,HR, 130.59 ,
304,06/11/2023,Network," 1,512.27 ",
305,18/09/2024,IT, 436.34 ,
306,17/04/2024,HR," 1,566.00 ",
307,12/04/2023,Marketing," 1,036.05 ",
308,04/12/2023,Sales Commission, 343.46 ,
309,15/11/2023,Network," 1,358.55 ",
310,27/05/2024,HR, 111.92 ,
313,05/03/2024,HR, 511.04 ,
314,23/05/2023,HR, 197.37 ,
317,29/05/2023,Marketing, 43.85 ,
318,23/11/2024,IT, 479.23 ,
319,24/02/2023,Sales Commission," 1,244.66 ",
320,15/04/2024,Sales Commission," 1,344.01 ",
321,29/12/2023,Sales Commission, 107.50 ,
322,11/10/2024,HR," 1,174.27 ",
323,28/07/2023,Network, 919.27 ,
324,04/07/2023,IT, 928.18 ,
325,06/03/2023,Network," 1,511.18 ",
326,02/07/2024,Marketing," 1,126.68 ",
330,23/10/2023,Marketing," 1,540.21 ",
331,27/06/2023,Network," 1,306.38 ",
332,01/01/2023,Network, 448.51 ,
333,28/05/2023,HR," 1,428.22 ",
335,23/10/2024,HR," 1,274.58 ",
337,29/09/2024,Marketing, 442.93 ,
338,27/05/2024,HR, 471.92 ,
339,20/09/2024,HR, 323.30 ,
341,29/05/2023,Network, 465.38 ,
342,26/09/2023,Network, 497.74 ,
343,01/12/2024,IT, 555.49 ,
344,14/10/2024,Network, 64.17 ,
345,15/04/2023,IT, 617.09 ,
346,10/04/2024,Network, 780.17 ,
347,08/10/2023,IT, 708.45 ,
348,11/02/2024,Network, 881.64 ,
350,24/12/2023,HR, 445.62 ,
351,05/11/2024,Network, 570.51 ,
352,22/07/2023,IT, 946.09 ,
353,03/09/2024,HR, 980.87 ,
355,14/09/2023,Network, 72.16 ,
357,20/11/2023,Marketing, 269.57 ,
359,23/10/2024,Marketing, 859.52 ,
360,17/12/2023,Marketing, 277.52 ,
361,03/03/2023,Sales Commission, 198.94 ,
363,06/07/2023,Sales Commission, 213.31 ,
364,02/08/2024,IT," 1,280.00 ",
366,31/10/2023,IT, 780.65 ,
367,30/09/2024,Network, 675.76 ,
368,11/03/2024,IT," 1,280.92 ",
372,07/08/2023,Network, 659.66 ,
373,25/02/2024,HR," 1,230.45 ",
374,15/11/2023,IT, 930.39 ,
375,06/06/2023,Marketing," 1,414.12 ",
378,11/06/2023,IT, 118.50 ,
379,09/05/2023,Sales Commission, 921.76 ,
380,31/10/2023,Network, 595.41 ,
381,30/03/2023,Sales Commission, 400.16 ,
382,11/06/2023,IT," 1,369.19 ",
383,05/02/2023,HR, 400.97 ,
384,15/08/2023,Network," 1,350.92 ",
385,31/05/2023,Sales Commission, 959.63 ,
387,16/02/2023,Sales Commission, 280.01 ,
388,16/12/2024,IT, 754.71 ,
389,21/10/2024,IT, 349.93 ,
390,19/08/2023,Marketing, 85.82 ,
391,22/06/2024,Network," 1,535.60 ",
392,01/12/2024,IT," 1,487.49 ",
393,14/06/2023,Network, 171.59 ,
394,24/12/2024,Network, 948.79 ,
395,09/08/2024,Sales Commission," 1,332.93 ",
396,26/08/2024,Network, 648.57 ,
397,27/07/2024,IT, 447.95 ,
398,07/03/2023,IT," 1,113.99 ",
399,21/03/2023,HR, 961.68 ,
400,20/05/2023,Network," 1,571.34 ",
401,04/02/2024,HR, 226.32 ,
402,10/05/2023,Sales Commission," 1,570.69 ",
403,21/03/2024,HR," 1,311.08 ",
405,21/07/2023,IT," 1,525.00 ",
406,25/08/2023,Sales Commission," 1,535.44 ",
407,21/08/2024,Network, 134.36 ,
408,30/08/2024,Sales Commission, 601.71 ,
409,05/12/2023,Marketing, 82.00 ,
410,03/02/2024,Network, 564.73 ,
411,14/03/2024,Marketing, 862.97 ,
413,09/09/2023,Network," 1,505.84 ",
415,10/04/2023,IT, 333.38 ,
416,07/08/2024,HR, 918.63 ,
417,26/02/2024,Network, 694.47 ,
418,04/10/2024,Network, 132.60 ,
419,24/11/2024,IT, 803.82 ,
421,18/01/2023,Marketing, 54.65 ,
422,15/04/2024,Marketing," 1,576.60 ",
423,29/09/2024,Marketing, 729.69 ,
425,07/01/2023,HR," 1,217.84 ",
426,23/02/2024,Network, 244.64 ,
427,15/01/2024,HR, 720.29 ,
429,24/04/2023,HR, 595.00 ,
430,25/05/2024,HR, 432.85 ,
431,18/08/2024,Marketing, 221.51 ,
433,13/04/2024,HR," 1,249.44 ",
434,03/04/2023,Network, 623.64 ,
435,06/05/2024,Marketing, 414.02 ,
436,12/04/2023,HR," 1,416.77 ",
437,07/05/2024,IT, 996.25 ,
439,29/04/2024,IT, 912.97 ,
441,16/06/2023,IT, 311.18 ,
442,20/05/2023,Sales Commission," 1,149.97 ",
443,04/04/2023,Network, 321.46 ,
444,30/06/2023,IT," 1,240.77 ",
445,29/07/2024,Sales Commission, 985.37 ,
446,04/01/2023,Marketing," 1,534.23 ",
448,24/01/2024,Marketing, 911.88 ,
451,06/08/2024,Sales Commission," 1,062.83 ",
452,15/08/2024,Sales Commission, 618.90 ,
453,26/05/2024,IT," 1,219.88 ",
455,21/02/2023,IT," 1,168.64 ",
456,17/10/2023,Network, 563.96 ,
457,21/03/2024,Sales Commission," 1,297.43 ",
458,25/08/2023,Network, 772.58 ,
459,05/05/2024,IT, 137.94 ,
461,13/02/2023,HR, 970.35 ,
462,25/12/2023,Network," 1,480.42 ",
463,07/10/2024,HR, 176.13 ,
464,21/07/2024,Network, 258.61 ,
467,06/04/2024,Network, 298.61 ,
468,11/04/2023,IT, 337.44 ,
469,22/11/2024,Marketing, 973.48 ,
471,25/09/2023,Marketing, 158.18 ,
472,28/12/2023,Network, 731.74 ,
473,12/02/2024,Sales Commission," 1,135.51 ",
474,06/02/2023,IT, 889.19 ,
475,12/04/2024,HR, 166.17 ,
476,16/12/2024,IT, 883.01 ,
477,16/09/2023,Network, 167.13 ,
478,23/05/2024,Sales Commission, 150.67 ,
479,28/10/2024,Sales Commission," 1,074.80 ",
481,03/09/2024,IT, 73.77 ,
482,30/09/2023,IT," 1,183.58 ",
483,16/09/2024,Network, 523.77 ,
486,09/11/2024,HR," 1,465.76 ",
489,25/09/2023,HR," 1,006.81 ",
490,01/02/2023,Sales Commission," 1,565.07 ",
491,31/12/2024,Sales Commission, 146.69 ,
492,26/06/2023,IT, 944.65 ,
493,14/04/2023,Sales Commission, 832.57 ,
494,24/08/2023,Sales Commission," 1,488.93 ",
495,03/04/2023,Network," 1,543.95 ",
496,20/07/2023,IT, 793.90 ,
497,19/08/2024,IT," 1,564.47 ",
498,04/02/2023,HR," 1,543.75 ",
499,27/04/2023,IT, 554.32 ,
500,18/11/2024,Marketing, 691.10 ,
501,02/04/2024,Network," 1,406.65 ",
502,15/04/2024,HR, 346.67 ,
503,03/02/2024,Marketing, 373.94 ,
504,19/08/2024,Sales Commission," 1,578.16 ",
505,27/04/2023,Marketing, 852.49 ,
506,28/12/2023,HR, 155.97 ,
508,26/05/2023,Network, 864.26 ,
509,19/03/2024,HR, 265.96 ,
510,27/12/2024,Marketing, 500.35 ,
511,08/09/2024,Marketing, 451.12 ,
512,24/10/2023,HR, 783.18 ,
513,03/08/2024,HR," 1,007.94 ",
514,01/05/2024,HR, 717.76 ,
516,22/07/2023,HR," 1,221.57 ",
517,28/12/2023,Sales Commission," 1,478.29 ",
518,30/01/2024,Network, 55.50 ,
519,05/09/2023,Network," 1,580.29 ",
520,15/03/2024,Sales Commission, 416.39 ,
521,31/01/2024,Marketing," 1,445.04 ",
523,22/12/2023,Marketing, 990.31 ,
526,07/12/2023,Sales Commission, 66.26 ,
528,26/06/2024,Sales Commission, 895.46 ,
529,12/09/2024,Network," 1,118.85 ",
530,22/06/2024,Marketing," 1,291.16 ",
531,02/11/2024,IT, 695.19 ,
532,12/06/2024,HR, 479.59 ,
533,24/09/2023,HR, 168.58 ,
534,09/05/2023,Marketing, 735.87 ,
535,08/08/2023,Marketing, 390.81 ,
536,23/03/2023,Sales Commission, 273.27 ,
537,14/07/2024,IT, 799.64 ,
538,06/07/2024,IT, 88.43 ,
539,20/01/2023,Sales Commission, 724.19 ,
540,23/11/2023,IT, 160.87 ,
541,06/02/2023,IT, 381.69 ,
542,17/01/2024,HR, 863.29 ,
545,04/03/2024,HR, 702.95 ,
546,05/03/2023,Marketing, 305.31 ,
547,24/06/2023,Marketing," 1,033.80 ",
548,01/02/2023,Sales Commission, 188.01 ,
549,21/12/2024,IT, 580.67 ,
550,14/06/2024,IT, 584.64 ,
551,16/04/2023,IT," 1,186.39 ",
552,26/04/2024,IT, 315.79 ,
553,25/07/2023,HR, 995.01 ,
554,04/09/2023,Network, 611.75 ,
555,09/11/2024,Marketing," 1,188.36 ",
557,12/11/2023,Network, 109.59 ,
559,18/02/2023,HR, 937.10 ,
560,26/07/2024,Network," 1,443.08 ",
561,20/06/2023,HR, 538.62 ,
563,26/07/2023,Sales Commission," 1,235.38 ",
565,23/05/2024,HR, 348.08 ,
566,20/07/2023,HR, 572.64 ,
567,05/01/2023,Marketing, 494.25 ,
568,30/07/2023,Network, 397.39 ,
570,09/07/2023,IT, 814.50 ,
571,07/07/2023,Network, 826.87 ,
572,30/05/2023,IT," 1,055.40 ",
573,08/06/2024,IT, 599.10 ,
574,01/01/2024,IT, 348.32 ,
575,06/06/2023,HR," 1,272.93 ",
576,21/03/2023,HR," 1,278.59 ",
577,30/09/2023,HR, 778.72 ,
578,21/10/2024,Network," 1,323.57 ",
579,18/12/2024,Sales Commission, 229.74 ,
580,17/09/2024,IT," 1,212.62 ",
581,01/06/2024,Marketing," 1,091.18 ",
582,20/08/2023,HR, 82.96 ,
584,09/06/2023,IT," 1,139.45 ",
585,10/12/2023,Sales Commission, 117.18 ,
586,16/10/2023,Marketing, 419.92 ,
587,24/07/2023,IT, 470.88 ,
588,01/11/2023,IT, 613.68 ,
589,26/12/2023,HR," 1,036.65 ",
590,31/10/2024,Sales Commission, 947.46 ,
591,04/02/2024,IT, 339.24 ,
592,24/03/2024,Sales Commission, 86.02 ,
593,16/04/2023,HR, 852.61 ,
594,23/03/2023,Marketing, 96.98 ,
595,08/12/2023,Network, 296.12 ,
596,25/02/2024,Network," 1,123.35 ",
597,18/02/2023,Network," 1,386.53 ",
598,25/07/2023,Sales Commission, 186.41 ,
599,06/08/2023,Network, 760.41 ,
600,06/11/2024,Marketing," 1,321.72 ",
601,11/03/2024,IT, 415.50 ,
602,18/11/2023,Sales Commission," 1,041.35 ",
603,19/08/2023,Marketing, 987.58 ,
604,11/12/2024,Sales Commission, 93.49 ,
605,01/05/2024,Sales Commission, 793.50 ,
606,04/03/2024,Sales Commission, 828.23 ,
607,26/12/2024,HR," 1,107.00 ",
608,11/10/2023,IT, 524.57 ,
609,30/04/2024,Network," 1,310.32 ",
610,03/10/2023,HR," 1,122.82 ",
611,08/03/2024,IT, 166.25 ,
612,04/07/2023,Network, 733.46 ,
613,22/12/2024,HR, 390.73 ,
614,24/09/2024,HR, 604.64 ,
615,04/08/2023,Marketing, 182.99 ,
616,07/04/2023,HR," 1,209.28 ",
617,29/04/2023,Sales Commission, 570.67 ,
619,07/02/2024,Sales Commission, 786.27 ,
620,09/09/2024,IT, 776.39 ,
621,01/02/2024,IT, 433.77 ,
622,02/04/2024,Sales Commission, 936.50 ,
623,14/11/2023,Marketing," 1,483.03 ",
624,17/01/2024,Marketing," 1,535.24 ",
625,22/05/2023,IT, 201.07 ,
626,01/04/2024,HR, 227.89 ,
627,15/05/2024,IT, 604.68 ,
628,19/11/2023,IT," 1,546.80 ",
629,25/09/2023,Sales Commission, 289.89 ,
630,01/05/2024,Marketing, 660.38 ,
631,09/11/2024,Sales Commission, 378.20 ,
632,09/06/2023,IT," 1,000.47 ",
633,14/01/2023,Network," 1,230.00 ",
636,11/04/2023,Sales Commission," 1,192.46 ",
637,25/07/2024,Network," 1,262.29 ",
638,12/02/2023,Network, 620.66 ,
639,12/07/2023,IT," 1,252.29 ",
640,07/11/2023,Marketing," 1,010.18 ",
644,09/04/2024,Sales Commission, 123.60 ,
645,12/06/2023,Sales Commission," 1,258.92 ",
647,22/08/2023,Sales Commission, 524.97 ,
648,07/02/2024,Sales Commission, 995.01 ,
649,17/12/2023,HR, 979.71 ,
650,16/06/2023,Marketing, 173.52 ,
651,28/05/2023,IT, 535.57 ,
653,16/09/2023,Sales Commission, 281.54 ,
655,11/09/2024,Network, 441.56 ,
656,17/03/2024,Sales Commission," 1,425.49 ",
658,10/06/2024,IT, 845.14 ,
659,30/07/2023,IT, 903.29 ,
660,26/06/2024,Sales Commission, 305.91 ,
661,20/03/2024,IT, 317.20 ,
662,28/03/2024,HR," 1,297.95 ",
663,27/11/2024,Network," 1,397.34 ",
664,08/02/2024,Network, 647.65 ,
665,07/03/2023,Network," 1,372.52 ",
666,09/02/2024,Sales Commission, 119.71 ,
668,10/03/2024,Sales Commission," 1,408.42 ",
669,16/08/2023,HR, 541.23 ,
671,12/04/2024,IT," 1,101.46 ",
672,11/04/2023,IT," 1,540.54 ",
673,27/02/2024,Marketing, 509.87 ,
674,22/12/2023,Marketing, 659.46 ,
676,22/09/2024,Network," 1,581.38 ",
677,22/07/2024,Sales Commission," 1,258.55 ",
678,11/05/2023,IT, 121.96 ,
679,02/07/2024,IT, 422.53 ,
680,12/04/2024,Marketing, 893.85 ,
681,24/04/2024,Network, 521.96 ,
682,21/04/2023,IT, 324.71 ,
683,02/06/2023,Sales Commission, 86.30 ,
684,30/08/2023,Sales Commission, 955.41 ,
685,20/12/2024,HR, 698.33 ,
686,12/11/2024,Sales Commission," 1,413.68 ",
687,06/10/2023,IT," 1,486.53 ",
688,29/12/2023,IT," 1,169.17 ",
689,16/09/2024,Sales Commission," 1,005.81 ",
690,12/02/2024,Marketing, 725.95 ,
691,24/06/2023,Network, 902.36 ,
692,23/08/2024,IT, 612.91 ,
693,15/05/2023,Sales Commission, 234.64 ,
694,20/05/2024,Sales Commission, 539.43 ,
695,21/10/2023,IT, 504.33 ,
696,09/05/2024,HR, 239.01 ,
698,25/07/2023,IT," 1,357.02 ",
699,14/11/2023,Sales Commission, 880.68 ,
700,14/03/2023,HR, 126.61 ,
701,16/09/2023,IT," 1,201.13 ",
702,24/12/2023,Network, 362.17 ,
703,28/05/2023,HR, 838.19 ,
705,15/04/2023,Marketing," 1,310.36 ",
706,09/07/2024,Network," 1,563.26 ",
707,22/12/2023,HR, 723.95 ,
708,21/06/2024,IT," 1,430.39 ",
711,26/07/2024,IT, 466.74 ,
712,11/03/2023,HR, 842.01 ,
713,22/03/2024,Network, 193.11 ,
714,22/03/2024,IT," 1,408.66 ",
715,14/09/2023,Network," 1,139.29 ",
718,29/04/2023,Sales Commission," 1,314.69 ",
719,07/03/2023,Sales Commission, 352.90 ,
720,02/09/2023,IT, 320.33 ,
722,13/02/2023,IT," 1,439.14 ",
723,07/06/2024,IT, 146.81 ,
724,28/02/2024,Network, 206.17 ,
725,19/06/2024,HR," 1,222.01 ",
726,30/01/2024,Marketing, 180.06 ,
730,28/08/2024,HR," 1,602.90 ",
731,15/01/2024,Network," 1,135.39 ",
732,18/03/2024,Network, 871.12 ,
733,17/06/2024,IT," 1,588.56 ",
734,18/04/2024,Marketing, 734.99 ,
735,06/06/2023,HR, 826.99 ,
736,30/03/2023,Network, 807.27 ,
737,21/07/2023,IT, 516.34 ,
738,06/04/2024,Marketing, 642.59 ,
739,25/04/2024,Marketing, 236.72 ,
741,10/07/2024,Network," 1,050.14 ",
742,29/03/2024,Network, 438.47 ,
744,15/01/2024,Network, 920.68 ,
745,05/02/2024,Marketing," 1,170.45 ",
746,20/03/2023,Sales Commission, 537.22 ,
747,04/07/2024,Network," 1,505.60 ",
748,21/01/2024,HR, 905.34 ,
750,22/10/2024,Marketing, 564.48 ,
751,09/12/2023,HR, 94.77 ,
752,20/03/2024,IT, 122.40 ,
755,20/10/2024,Network, 942.96 ,
756,25/11/2023,HR," 1,070.70 ",
757,08/05/2024,HR," 1,364.25 ",
759,03/04/2024,Network, 649.94 ,
760,12/05/2024,Marketing, 831.21 ,
762,23/07/2023,IT, 765.43 ,
763,04/10/2024,HR, 501.12 ,
767,28/12/2023,Sales Commission, 477.54 ,
768,27/12/2023,Marketing," 1,001.15 ",
769,26/04/2023,Network," 1,431.15 ",
770,24/02/2023,IT," 1,030.18 ",
771,19/10/2023,Sales Commission, 961.43 ,
772,20/02/2023,Marketing, 318.60 ,
773,11/09/2023,IT," 1,234.14 ",
774,06/05/2024,IT, 827.71 ,
775,26/07/2024,HR," 1,449.78 ",
776,13/08/2023,Marketing," 1,319.35 ",
777,13/04/2024,Sales Commission," 1,425.29 ",
778,13/04/2023,Network, 413.86 ,
779,17/02/2023,Network," 1,596.35 ",
781,21/08/2023,HR, 704.51 ,
782,04/08/2024,HR, 97.38 ,
783,12/07/2024,IT, 109.75 ,
785,05/06/2024,IT, 465.94 ,
786,27/11/2024,Network, 528.14 ,
787,14/08/2024,Sales Commission, 674.67 ,
788,13/01/2023,Marketing, 799.36 ,
789,13/05/2024,Sales Commission," 1,222.25 ",
790,20/03/2024,Marketing, 722.22 ,
791,06/12/2023,Network," 1,121.78 ",
793,18/08/2024,Marketing, 886.18 ,
794,20/08/2024,HR, 583.52 ,
796,17/10/2024,Network," 1,417.05 ",
797,28/07/2024,Sales Commission," 1,451.99 ",
798,06/03/2024,IT," 1,063.39 ",
799,08/07/2024,Sales Commission," 1,093.31 ",
800,11/02/2024,Network, 85.01 ,
801,07/06/2023,Sales Commission," 1,351.72 ",
804,19/06/2024,Marketing, 540.47 ,
805,23/12/2023,Sales Commission, 887.67 ,
806,17/12/2024,Sales Commission," 1,602.62 ",
807,28/12/2023,Network, 821.77 ,
808,12/08/2023,Marketing," 1,347.42 ",
810,23/07/2023,Sales Commission, 231.99 ,
811,08/01/2023,IT, 499.23 ,
812,16/04/2024,Sales Commission, 613.23 ,
813,21/06/2023,Sales Commission, 192.79 ,
814,20/12/2024,Sales Commission, 323.54 ,
815,06/04/2023,HR," 1,104.75 ",
816,04/11/2024,Marketing, 341.73 ,
817,30/08/2024,HR, 365.39 ,
818,02/11/2023,IT, 650.26 ,
819,18/10/2024,Network, 843.73 ,
821,18/04/2024,Marketing, 873.97 ,
822,27/10/2023,Network, 218.85 ,
823,09/04/2024,IT, 624.40 ,
824,05/09/2024,Marketing, 319.65 ,
825,19/11/2024,IT, 706.08 ,
826,24/11/2023,Network, 321.09 ,
827,20/04/2023,Network, 785.75 ,
828,10/12/2024,IT, 610.42 ,
829,09/05/2023,HR, 242.67 ,
830,17/05/2023,IT, 860.16 ,
833,13/06/2023,HR," 1,430.39 ",
834,15/12/2023,Sales Commission, 547.30 ,
835,07/04/2024,Network," 1,191.65 ",
836,04/10/2024,Marketing, 106.90 ,
837,18/05/2024,Network, 631.83 ,
838,31/05/2023,Network, 344.91 ,
840,20/04/2023,Network, 227.09 ,
841,07/08/2024,Network, 391.49 ,
842,02/10/2023,HR, 473.73 ,
843,08/03/2023,HR," 1,322.36 ",
844,19/02/2023,HR, 307.00 ,
845,29/05/2024,HR, 517.82 ,
846,14/08/2023,HR," 1,436.09 ",
848,20/05/2024,Sales Commission, 900.80 ,
850,24/04/2024,HR, 717.12 ,
851,21/04/2023,Sales Commission, 370.77 ,
853,01/10/2023,Network," 1,325.34 ",
854,04/06/2023,Network," 1,111.18 ",
855,12/10/2024,Sales Commission," 1,516.32 ",
856,16/06/2023,Marketing," 1,182.26 ",
857,19/01/2023,Marketing," 1,173.90 ",
858,11/12/2023,Sales Commission," 1,549.69 ",
859,22/07/2024,Marketing," 1,497.25 ",
860,21/10/2023,Marketing, 131.23 ,
861,06/10/2024,Network," 1,093.07 ",
863,04/12/2023,Marketing, 218.37 ,
866,17/12/2024,HR, 817.95 ,
868,26/03/2023,Sales Commission," 1,108.45 ",
869,27/11/2024,HR, 494.69 ,
870,21/10/2024,Network, 631.35 ,
871,24/01/2024,Sales Commission," 1,556.36 ",
872,15/08/2023,Marketing, 282.22 ,
875,23/11/2024,Sales Commission," 1,081.82 ",
876,19/04/2023,Sales Commission," 1,303.01 ",
877,15/05/2023,Marketing, 378.36 ,
879,06/09/2024,HR, 870.92 ,
881,22/05/2024,Sales Commission, 621.31 ,
882,20/09/2024,HR, 638.49 ,
883,29/01/2023,Network," 1,472.59 ",
884,29/01/2024,Network, 351.89 ,
885,27/01/2023,Sales Commission, 480.28 ,
886,11/04/2024,HR, 485.25 ,
888,07/07/2024,Sales Commission, 123.44 ,
889,20/03/2024,HR, 354.38 ,
890,12/08/2023,HR," 1,438.94 ",
891,07/04/2024,Sales Commission," 1,052.31 ",
892,21/01/2023,HR," 1,484.84 ",
893,22/01/2024,IT, 227.85 ,
898,05/06/2024,Marketing, 45.06 ,
899,13/08/2023,HR, 902.73 ,
900,14/10/2024,Marketing, 419.36 ,
901,19/04/2024,HR, 218.17 ,
902,09/09/2024,Marketing, 79.91 ,
903,06/12/2024,HR, 263.27 ,
904,02/04/2024,Sales Commission," 1,110.82 ",
905,01/10/2024,Marketing," 1,208.60 ",
907,24/10/2024,Sales Commission, 229.26 ,
908,25/04/2024,HR," 1,018.26 ",
909,29/06/2023,Marketing," 1,499.78 ",
910,21/06/2024,Network, 810.61 ,
911,10/06/2024,Sales Commission," 1,390.99 ",
912,22/01/2023,Marketing, 811.49 ,
914,30/07/2024,Marketing, 942.84 ,
915,21/01/2023,Network," 1,143.59 ",
916,12/02/2024,IT, 559.06 ,
917,01/05/2024,Network," 1,127.56 ",
918,11/06/2024,HR," 1,275.62 ",
919,20/02/2024,Sales Commission, 834.74 ,
920,29/09/2023,IT, 945.17 ,
921,24/07/2023,Sales Commission, 457.11 ,
922,25/10/2023,Marketing," 1,578.89 ",
923,02/11/2024,HR," 1,320.96 ",
925,18/04/2023,Sales Commission, 168.94 ,
926,28/09/2024,HR," 1,173.94 ",
927,01/06/2023,Sales Commission," 1,267.67 ",
928,13/01/2023,Marketing, 164.52 ,
929,15/12/2024,Marketing, 804.02 ,
931,07/07/2024,Network," 1,421.23 ",
932,18/06/2023,Network, 681.38 ,
933,06/09/2023,Marketing, 487.87 ,
934,01/05/2023,IT, 430.36 ,
935,22/01/2024,Network, 708.45 ,
936,14/03/2024,Sales Commission, 587.90 ,
937,29/09/2023,Marketing, 716.28 ,
938,27/10/2023,HR, 401.17 ,
939,21/12/2024,HR, 207.61 ,
940,17/04/2024,Network," 1,036.73 ",
941,07/06/2023,IT, 246.40 ,
942,24/09/2024,Network, 108.91 ,
943,15/08/2023,IT," 1,196.43 ",
944,25/02/2024,Network," 1,436.41 ",
945,24/01/2023,HR, 367.48 ,
948,29/09/2024,Sales Commission, 460.72 ,
949,23/06/2024,Sales Commission, 654.68 ,
950,08/05/2023,Marketing, 823.01 ,
951,04/04/2023,HR, 908.55 ,
952,03/12/2024,HR, 592.75 ,
953,25/02/2024,Marketing, 398.28 ,
954,29/09/2023,Sales Commission," 1,429.54 ",
955,28/04/2024,Sales Commission, 113.28 ,
956,05/01/2023,IT," 1,428.94 ",
958,21/02/2023,Sales Commission," 1,493.83 ",
959,31/08/2023,Network, 777.15 ,
961,24/02/2024,IT, 793.82 ,
962,29/02/2024,Network," 1,503.75 ",
963,21/03/2023,IT," 1,212.09 ",
964,25/11/2024,Marketing, 715.23 ,
965,20/12/2023,HR," 1,108.13 ",
966,10/09/2024,IT," 1,085.52 ",
969,17/12/2024,Marketing, 753.22 ,
971,12/06/2024,Marketing, 520.19 ,
972,24/04/2024,HR," 1,236.55 ",
973,15/10/2023,IT," 1,563.30 ",
974,29/10/2024,Marketing," 1,116.60 ",
975,21/04/2024,HR, 972.76 ,
976,25/01/2023,Sales Commission," 1,214.18 ",
977,06/03/2024,IT, 193.19 ,
978,05/10/2023,Sales Commission," 1,259.64 ",
979,13/11/2023,IT," 1,488.77 ",
980,29/09/2024,Marketing," 1,354.05 ",
981,24/12/2023,Marketing, 386.99 ,
982,03/10/2023,IT, 527.38 ,
984,10/12/2023,HR," 1,199.52 ",
985,06/03/2024,HR," 1,147.32 ",
988,16/07/2024,Marketing, 96.42 ,
989,14/03/2024,Network, 441.89 ,
990,06/04/2024,HR," 1,377.90 ",
991,27/09/2023,Marketing," 1,457.73 ",
992,09/12/2024,Network," 1,436.69 ",
993,06/03/2024,Marketing," 1,164.87 ",
994,21/01/2023,IT, 277.12 ,
995,23/05/2023,Marketing, 204.20 ,
996,19/12/2023,Network, 129.10 ,
998,12/04/2024,Network, 673.15 ,
999,27/05/2024,HR, 127.86 ,
1000,08/04/2024,HR, 455.94 ,
1001,29/01/2024,Sales Commission," 1,407.22 ",
1002,27/02/2023,IT, 421.81 ,
1003,06/05/2023,Sales Commission, 181.63 ,
1004,05/04/2024,Network, 389.80 ,
1005,21/02/2023,Sales Commission, 890.16 ,
1006,26/09/2023,HR," 1,396.94 ",
1007,06/04/2023,Network," 1,079.05 ",
1008,30/09/2023,Sales Commission," 1,003.20 ",
1009,19/11/2023,Marketing, 82.28 ,
1010,26/07/2024,IT, 577.50 ,
1011,23/11/2024,Marketing, 134.12 ,
1014,15/11/2024,HR," 1,475.88 ",
1015,05/01/2023,Sales Commission, 524.49 ,
1016,23/12/2023,Network, 269.25 ,
1017,09/12/2023,Network," 1,004.48 ",
1018,23/07/2023,Network," 1,384.33 ",
1019,04/11/2024,Network," 1,170.45 ",
1020,26/07/2024,Sales Commission, 139.91 ,
1021,15/04/2024,Marketing, 110.23 ,
1022,08/04/2024,HR, 929.55 ,
1023,11/05/2024,HR, 691.34 ,
1024,02/12/2024,IT," 1,347.14 ",
1027,27/08/2023,Network, 924.09 ,
1028,23/06/2024,Marketing, 71.36 ,
1029,17/07/2023,Network, 422.65 ,
1032,27/10/2024,Marketing, 165.21 ,
1034,04/03/2023,Sales Commission," 1,473.92 ",
1035,26/02/2023,Sales Commission, 863.13 ,
1036,20/12/2024,HR, 94.17 ,
1037,08/03/2024,Marketing, 122.12 ,
1038,04/11/2023,Sales Commission, 615.60 ,
1039,28/07/2024,HR, 570.15 ,
1041,14/10/2024,HR, 431.57 ,
1042,27/08/2024,Network, 725.75 ,
1043,17/04/2023,Network," 1,256.35 ",
1044,22/08/2024,IT," 1,165.67 ",
1045,28/10/2023,Marketing," 1,088.65 ",
1046,11/09/2024,Network, 981.43 ,
1047,15/02/2023,Network," 1,360.79 ",
1048,18/03/2023,HR," 1,603.74 ",
1049,29/12/2024,HR," 1,590.21 ",
1051,09/05/2023,Sales Commission, 531.92 ,
1052,13/12/2024,IT," 1,141.58 ",
1053,08/12/2024,Marketing, 104.93 ,
1055,22/08/2024,Marketing, 346.27 ,
1056,07/08/2024,HR," 1,477.81 ",
1057,23/02/2024,Network, 267.40 ,
1059,27/02/2023,Sales Commission," 1,230.93 ",
1060,19/01/2024,HR, 525.25 ,
1061,24/05/2024,IT, 521.07 ,
1063,06/12/2023,HR, 671.34 ,
1064,31/07/2024,Marketing, 415.26 ,
1066,11/08/2024,Network, 694.55 ,
1067,07/01/2024,IT," 1,095.68 ",
1068,05/02/2023,IT, 607.73 ,
1070,24/09/2023,Network," 1,218.24 ",
1071,07/03/2024,HR, 58.43 ,
1072,19/01/2023,Network, 347.08 ,
1073,05/12/2023,Network, 225.68 ,
1074,20/05/2023,HR, 396.23 ,
1075,08/03/2023,Sales Commission," 1,067.25 ",
1076,13/06/2024,IT," 1,190.53 ",
1078,18/09/2023,Marketing," 1,062.99 ",
1079,15/09/2024,HR, 244.92 ,
1080,18/09/2024,Marketing, 597.81 ,
1083,04/08/2024,IT," 1,151.26 ",
1084,22/07/2023,Marketing, 42.53 ,
1085,30/09/2024,Marketing, 549.06 ,
1086,14/02/2024,HR, 951.52 ,
1087,21/03/2023,HR, 262.26 ,
1088,18/11/2024,Network, 151.15 ,
1089,23/04/2023,IT, 112.20 ,
1090,14/09/2024,Marketing, 470.68 ,
1091,17/05/2023,Network, 268.49 ,
1093,08/07/2023,Network," 1,223.46 ",
1094,04/10/2023,Marketing," 1,556.28 ",
1095,13/04/2023,HR, 557.70 ,
1097,28/07/2024,HR, 583.60 ,
1098,22/06/2023,Sales Commission, 920.23 ,
1099,27/11/2023,Network, 182.83 ,
1100,22/12/2024,Marketing, 367.19 ,
1103,13/08/2023,Network," 1,064.52 ",
1104,14/11/2024,IT, 258.49 ,
1105,19/11/2023,Network," 1,025.89 ",
1106,22/05/2024,Sales Commission," 1,345.98 ",
1107,01/07/2024,Sales Commission, 997.09 ,
1109,06/02/2023,Marketing, 391.49 ,
1111,16/03/2023,Marketing, 937.62 ,
1112,02/07/2023,Marketing," 1,216.31 ",
1113,17/12/2024,IT, 277.68 ,
1114,03/04/2024,Sales Commission," 1,192.46 ",
1115,29/11/2024,HR, 431.04 ,
1116,08/11/2024,Network, 630.58 ,
1117,18/09/2024,Sales Commission, 943.65 ,
1118,13/02/2024,HR, 902.64 ,
1119,26/07/2023,Sales Commission, 135.81 ,
1120,02/09/2023,IT," 1,250.00 ",
1121,29/11/2023,Marketing," 1,067.49 ",
1123,08/06/2024,Network," 1,531.02 ",
1126,14/01/2024,Sales Commission," 1,192.34 ",
1127,17/09/2024,HR," 1,361.60 ",
1128,25/10/2024,Network, 347.12 ,
1129,26/01/2023,Sales Commission," 1,428.90 ",
1130,10/11/2024,HR," 1,528.73 ",
1132,18/12/2024,IT, 649.94 ,
1135,20/04/2024,HR, 459.63 ,
1136,26/12/2024,IT, 970.27 ,
1137,07/07/2023,Sales Commission, 608.38 ,
1139,10/09/2024,Marketing," 1,238.32 ",
1140,14/07/2023,Sales Commission," 1,485.92 ",
1141,17/06/2024,IT, 95.85 ,
1142,28/11/2024,Sales Commission, 530.43 ,
1143,26/03/2023,Marketing, 79.63 ,
1145,18/03/2023,Sales Commission," 1,331.24 ",
1146,26/11/2023,IT, 915.70 ,
1147,18/01/2024,Sales Commission, 818.32 ,
1148,08/03/2024,Network, 343.26 ,
1150,07/12/2023,HR, 71.28 ,
1151,26/06/2023,Network, 898.11 ,
1152,01/03/2024,IT," 1,273.25 ",
1153,28/02/2024,Sales Commission," 1,009.42 ",
1154,23/06/2023,Marketing, 904.77 ,
1155,10/02/2024,Sales Commission, 757.76 ,
1157,21/01/2023,Sales Commission, 120.51 ,
1159,02/02/2024,Marketing, 632.71 ,
1161,13/08/2023,IT," 1,159.05 ",
1162,06/02/2024,Network, 443.57 ,
1163,13/03/2024,Marketing, 989.95 ,
1164,29/09/2023,IT," 1,524.19 ",
1165,07/10/2023,HR, 597.77 ,
1166,11/08/2023,Network, 873.21 ,
1168,24/10/2024,Marketing," 1,318.07 ",
1169,23/05/2024,Marketing," 1,604.18 ",
1170,08/12/2023,IT, 575.13 ,
1171,08/09/2024,Sales Commission, 353.14 ,
1173,25/06/2023,IT, 287.60 ,
1175,10/09/2023,Network, 713.06 ,
1176,01/10/2023,HR, 277.28 ,
1177,30/11/2023,Marketing," 1,195.27 ",
1179,11/01/2023,HR," 1,584.47 ",
1180,01/06/2023,Network, 819.36 ,
1181,08/07/2023,Sales Commission, 657.77 ,
1182,06/11/2024,HR, 662.91 ,
1183,29/09/2024,Marketing, 830.28 ,
1184,30/07/2023,IT, 974.20 ,
1185,07/04/2023,Sales Commission, 317.12 ,
1186,05/12/2023,Network, 102.96 ,
1187,16/02/2023,Marketing, 597.13 ,
1188,26/02/2023,Sales Commission, 611.15 ,
1189,16/03/2023,Network, 700.38 ,
1190,11/09/2023,Marketing, 838.47 ,
1191,24/10/2024,IT, 456.94 ,
1192,24/07/2024,Network, 158.54 ,
1193,20/08/2024,Sales Commission," 1,228.52 ",
1194,19/06/2023,Marketing," 1,481.87 ",
1195,26/05/2023,HR, 761.81 ,
1196,02/02/2023,Marketing, 400.32 ,
1197,29/05/2024,Sales Commission, 869.23 ,
1198,14/09/2023,Sales Commission, 187.85 ,
1200,23/04/2023,Sales Commission," 1,145.23 ",
1201,08/12/2023,Marketing, 174.40 ,
1202,17/02/2023,Network, 201.35 ,
1203,30/12/2023,Marketing, 245.24 ,
1205,14/07/2023,HR," 1,529.81 ",
1206,25/12/2024,HR," 1,542.95 ",
1207,17/11/2023,IT," 1,591.25 ",
1208,18/05/2023,HR," 1,581.70 ",
1210,11/03/2023,Sales Commission," 1,338.51 ",
1212,27/04/2024,Network," 1,405.89 ",
1213,20/12/2024,Sales Commission, 979.79 ,
1214,12/12/2024,HR, 147.01 ,
1215,28/02/2023,Marketing, 232.83 ,
1216,24/01/2024,Network, 61.84 ,
1217,17/12/2023,Sales Commission, 936.82 ,
1218,05/12/2023,Marketing," 1,078.21 ",
1219,07/11/2024,HR, 809.92 ,
1220,18/08/2024,Sales Commission, 166.93 ,
1221,11/03/2024,Network," 1,545.44 ",
1222,25/03/2024,Marketing, 254.43 ,
1223,12/01/2024,Marketing, 327.88 ,
1224,26/01/2024,Network," 1,149.21 ",
1227,21/06/2023,Sales Commission, 592.47 ,
1228,18/01/2023,IT, 249.33 ,
1229,23/08/2023,HR, 622.03 ,
1230,06/11/2023,Sales Commission," 1,148.53 ",
1231,30/10/2024,HR, 347.16 ,
1232,23/12/2024,HR," 1,586.52 ",
1233,08/10/2023,Network," 1,522.83 ",
1234,15/07/2023,IT," 1,463.03 ",
1235,25/04/2023,HR, 281.82 ,
1236,01/02/2024,HR," 1,099.25 ",
1237,02/11/2024,Sales Commission, 269.57 ,
1239,16/07/2024,IT," 1,247.75 ",
1240,22/02/2024,HR, 904.93 ,
1241,11/10/2023,IT," 1,297.87 ",
1242,07/08/2024,Sales Commission," 1,147.00 ",
1244,07/12/2023,HR, 801.61 ,
1245,13/09/2024,Marketing, 81.36 ,
1246,09/08/2023,HR, 219.78 ,
1247,09/01/2023,HR, 227.57 ,
1248,23/03/2023,Network," 1,160.09 ",
1249,21/10/2023,Marketing," 1,089.86 ",
1250,10/01/2024,Marketing, 721.62 ,
1251,17/06/2024,Marketing, 680.30 ,
1252,19/02/2024,Network," 1,205.83 ",
1253,09/04/2023,IT," 1,383.48 ",
1254,12/11/2024,Marketing, 940.71 ,
1255,02/12/2024,IT, 171.39 ,
1256,09/09/2024,Sales Commission, 650.26 ,
1257,17/01/2024,Network," 1,167.20 ",
1258,18/05/2024,IT, 66.58 ,
1259,22/03/2024,Marketing," 1,408.06 ",
1260,10/11/2024,Marketing," 1,417.25 ",
1263,16/09/2024,Sales Commission, 353.06 ,
1264,02/11/2023,Network, 305.35 ,
1266,29/03/2024,Sales Commission," 1,588.48 ",
1267,02/02/2023,Sales Commission, 338.12 ,
1268,15/05/2024,Sales Commission," 1,587.04 ",
1270,27/11/2024,IT, 964.49 ,
1271,12/07/2023,Network, 245.28 ,
1272,29/06/2023,Marketing," 1,130.41 ",
1273,01/06/2024,Sales Commission, 250.86 ,
1274,26/01/2024,Network, 377.51 ,
1275,04/06/2024,Marketing, 723.10 ,
1276,23/12/2023,HR, 441.60 ,
1277,26/07/2024,Sales Commission, 251.42 ,
1278,08/04/2024,Marketing, 211.55 ,
1279,05/11/2024,Marketing, 280.46 ,
1280,09/04/2023,Sales Commission, 880.48 ,
1281,28/05/2023,HR," 1,319.63 ",
1282,23/07/2024,IT," 1,343.57 ",
1283,27/12/2024,HR, 40.56 ,
1284,12/11/2023,Sales Commission, 728.61 ,
1285,01/07/2023,IT," 1,080.34 ",
1286,30/06/2024,Marketing, 87.42 ,
1287,30/10/2023,HR," 1,122.22 ",
1288,11/07/2024,HR, 408.31 ,
1289,21/08/2024,IT, 136.09 ,
1290,04/01/2023,Marketing, 295.71 ,
1291,17/04/2023,HR," 1,125.72 ",
1293,09/02/2023,HR, 516.62 ,
1294,30/09/2024,Marketing, 800.57 ,
1295,25/11/2024,Marketing, 535.17 ,
1296,29/04/2023,Network," 1,335.29 ",
1297,14/03/2023,IT," 1,448.78 ",
1298,05/07/2024,Sales Commission, 190.38 ,
1300,06/04/2023,Marketing," 1,003.96 ",
1301,06/10/2023,HR, 194.32 ,
1303,25/04/2023,Sales Commission, 808.72 ,
1305,13/05/2023,Network," 1,060.06 ",
1306,17/06/2023,IT," 1,045.52 ",
1307,02/09/2023,HR," 1,566.32 ",
1309,16/09/2023,Sales Commission, 110.03 ,
1310,15/02/2023,IT, 783.38 ,
1311,12/12/2023,IT," 1,309.55 ",
1312,25/08/2023,Marketing, 252.63 ,
1313,22/02/2023,HR," 1,289.40 ",
1314,28/05/2023,HR, 822.45 ,
1315,29/11/2024,IT, 250.86 ,
1317,31/03/2023,HR, 898.83 ,
1319,27/12/2024,IT," 1,056.89 ",
1321,26/10/2024,Marketing, 993.00 ,
1322,19/09/2024,IT," 1,390.23 ",
1323,29/01/2024,Sales Commission," 1,262.61 ",
1324,02/08/2023,Marketing, 895.90 ,
1326,05/12/2023,IT, 901.60 ,
1327,17/12/2023,HR, 527.54 ,
1329,12/10/2023,IT, 638.69 ,
1330,05/08/2024,Sales Commission, 914.49 ,
1331,02/09/2023,Marketing," 1,245.83 ",
1332,03/07/2024,HR, 751.01 ,
1333,28/12/2024,Network, 702.95 ,
1334,30/09/2024,IT, 210.98 ,
1335,06/08/2024,Network, 381.41 ,
1336,14/08/2023,IT, 529.03 ,
1337,16/03/2024,HR," 1,221.65 ",
1338,18/04/2024,HR," 1,234.14 ",
1339,19/03/2024,HR, 116.29 ,
1341,03/09/2023,Marketing," 1,595.99 ",
1342,05/08/2024,Marketing, 197.21 ,
1343,07/12/2024,IT, 375.06 ,
1344,14/05/2024,Marketing, 739.81 ,
1346,27/04/2023,Marketing," 1,512.79 ",
1347,30/12/2023,Marketing, 235.96 ,
1349,17/12/2023,Sales Commission, 68.39 ,
1350,15/11/2023,HR," 1,575.67 ",
1351,25/12/2023,Sales Commission, 298.77 ,
1352,31/05/2024,Marketing," 1,322.65 ",
1353,03/05/2024,Marketing, 121.43 ,
1354,30/10/2024,Sales Commission, 672.67 ,
1355,17/04/2023,IT, 551.35 ,
1356,15/10/2024,HR, 898.71 ,
1357,21/06/2023,IT," 1,203.58 ",
1358,19/10/2024,HR," 1,530.50 ",
1359,02/06/2024,Network, 447.71 ,
1360,11/06/2024,HR," 1,582.26 ",
1361,16/11/2023,IT, 738.12 ,
1362,06/02/2023,HR," 1,339.59 ",
1364,26/10/2024,Network, 49.91 ,
1365,22/09/2023,Marketing, 137.10 ,
1366,25/11/2024,Network, 195.00 ,
1367,29/10/2024,Sales Commission, 291.66 ,
1369,06/02/2024,Sales Commission, 674.59 ,
1371,06/08/2023,IT, 540.91 ,
1372,26/11/2023,Sales Commission, 593.20 ,
1373,05/07/2023,Sales Commission," 1,139.73 ",
1374,16/01/2024,Sales Commission," 1,401.83 ",
1375,28/07/2023,Network, 205.84 ,
1376,16/07/2024,IT, 819.52 ,
1377,15/10/2023,IT, 637.01 ,
1378,29/03/2023,IT, 585.65 ,
1379,16/05/2023,Sales Commission, 979.46 ,
1380,07/06/2023,Network, 836.87 ,
1381,04/06/2023,IT," 1,524.55 ",
1382,07/04/2024,HR," 1,071.02 ",
1383,08/08/2023,IT," 1,589.89 ",
1384,03/04/2024,Marketing, 525.93 ,
1385,16/06/2023,HR, 796.67 ,
1387,21/11/2024,Sales Commission, 753.90 ,
1388,15/07/2024,IT," 1,553.79 ",
1389,26/05/2024,Network, 139.30 ,
1390,28/03/2023,Network, 540.83 ,
1391,28/06/2024,IT," 1,464.52 ",
1394,18/12/2024,Sales Commission, 167.25 ,
1395,16/09/2024,IT, 496.74 ,
1398,17/01/2024,Network," 1,533.91 ",
1400,30/11/2023,HR," 1,596.64 ",
1401,19/04/2024,Network," 1,202.38 ",
1403,13/12/2023,Network," 1,333.57 ",
1405,07/05/2024,Marketing, 96.66 ,
1406,09/05/2024,Sales Commission," 1,083.27 ",
1408,10/09/2023,HR," 1,579.17 ",
1409,21/09/2024,IT, 663.19 ,
1410,30/01/2023,IT," 1,492.79 ",
1411,14/09/2024,Network, 513.77 ,
1412,11/12/2024,IT, 269.05 ,
1413,08/12/2023,Marketing, 366.51 ,
1414,14/10/2023,IT," 1,140.09 ",
1415,01/02/2024,Marketing, 471.44 ,
1416,23/05/2024,Marketing, 102.20 ,
1417,01/09/2023,HR, 991.51 ,
1418,09/08/2023,IT, 703.47 ,
1419,05/06/2023,HR," 1,470.82 ",
1420,18/01/2024,IT," 1,166.72 ",
1421,16/11/2023,Marketing, 564.48 ,
1422,08/01/2024,IT, 281.22 ,
1423,14/06/2024,HR," 1,406.77 ",
1424,03/08/2023,Sales Commission, 769.24 ,
1428,25/01/2023,HR," 1,147.00 ",
1430,02/09/2024,Sales Commission, 310.21 ,
1431,03/01/2023,IT, 910.84 ,
1432,20/03/2024,Sales Commission," 1,153.58 ",
1434,20/01/2023,HR, 690.09 ,
1435,23/07/2023,IT," 1,515.52 ",
1436,23/12/2023,HR, 345.11 ,
1437,08/05/2023,IT, 329.25 ,
1439,19/10/2023,Sales Commission," 1,138.45 ",
1440,23/06/2023,IT, 677.61 ,
1441,21/12/2023,Sales Commission, 220.06 ,
1442,06/02/2023,Marketing," 1,262.33 ",
1443,06/11/2023,Sales Commission," 1,249.68 ",
1444,22/10/2024,IT, 305.95 ,
1445,26/08/2024,HR, 144.85 ,
1446,04/08/2024,Sales Commission, 416.91 ,
1447,25/03/2023,Sales Commission, 384.70 ,
1448,24/05/2024,Marketing, 834.78 ,
1449,19/03/2024,Network, 924.65 ,
1450,24/02/2024,HR, 729.77 ,
1451,24/07/2023,IT, 975.01 ,
1452,02/05/2024,Marketing," 1,416.01 ",
1454,09/09/2023,IT, 309.61 ,
1455,23/12/2024,Sales Commission," 1,388.94 ",
1456,31/01/2023,Marketing, 531.19 ,
1457,25/02/2024,Marketing," 1,086.44 ",
1458,02/03/2023,HR," 1,291.12 ",
1459,01/08/2024,Network, 861.32 ,
1460,14/08/2023,IT," 1,152.74 ",
1461,01/12/2023,HR," 1,263.57 ",
1462,01/08/2024,HR, 947.10 ,
1464,21/04/2023,Sales Commission," 1,015.12 ",
1465,05/05/2024,Sales Commission, 515.49 ,
1466,29/09/2023,IT," 1,012.31 ",
1467,03/02/2023,Marketing, 530.87 ,
1468,31/07/2023,Network, 199.38 ,
1471,05/05/2023,HR," 1,596.96 ",
1472,13/04/2023,HR," 1,133.63 ",
1473,18/12/2024,IT, 989.02 ,
1475,12/11/2024,IT," 1,159.33 ",
1476,30/06/2024,Sales Commission, 737.80 ,
1477,27/11/2023,Network," 1,210.93 ",
1480,16/02/2024,Sales Commission," 1,384.37 ",
1481,03/02/2024,Network, 965.21 ,
1482,02/11/2023,Network, 234.80 ,
1483,14/10/2024,IT, 871.97 ,
1484,14/09/2024,Network, 557.90 ,
1485,12/06/2023,Network, 226.85 ,
1486,14/09/2024,Network," 1,267.79 ",
1487,25/10/2024,Marketing, 506.50 ,
1489,09/09/2024,HR," 1,021.11 ",
1492,26/01/2023,IT, 945.01 ,
1493,30/10/2024,IT, 445.98 ,
1494,06/08/2024,HR," 1,337.74 ",
1495,13/02/2023,Sales Commission, 859.11 ,
1496,31/03/2023,Network, 533.16 ,
1497,13/05/2023,HR, 660.50 ,
1498,10/06/2023,IT, 567.54 ,
1500,18/09/2023,HR, 226.73 ,
