customer_id,activation_date,product_id,sales_rep_id,monthly_revenue,churn_flag,churn_date
1,2023-10-04,3,1,554,0,
2,2023-06-10,2,14,88,0,
3,2024-04-04,2,2,109,0,
4,2023-11-10,2,9,370,0,
5,2023-01-22,1,3,484,1,2023-03-28
6,2023-09-10,2,6,457,0,
7,2024-07-14,1,5,435,0,
8,2024-04-19,4,11,127,0,
9,2023-02-28,3,2,243,1,2023-06-04
10,2024-05-25,1,14,334,0,
11,2024-11-12,4,15,576,0,
12,2024-04-20,1,7,573,0,
13,2024-11-30,1,4,205,0,
14,2023-07-09,3,1,389,0,
15,2024-11-17,5,13,174,0,
16,2024-07-16,5,4,329,0,
17,2024-07-20,1,6,177,0,
18,2023-09-01,2,7,363,0,
19,2024-05-19,4,15,381,1,2024-10-24
20,2023-05-11,2,7,199,1,2024-06-13
21,2024-04-29,2,14,503,0,
22,2024-10-08,1,7,85,0,
23,2023-01-21,1,3,469,0,
24,2023-06-16,1,6,71,0,
25,2023-10-01,1,13,255,0,
26,2024-01-23,5,8,405,0,
27,2024-08-23,1,4,489,0,
28,2023-11-12,5,13,145,0,
29,2023-01-14,5,8,213,0,
30,2023-08-30,1,2,197,0,
31,2023-12-12,3,15,579,0,
32,2024-07-18,4,10,343,0,
33,2023-12-06,2,9,244,0,
34,2023-04-02,5,9,529,0,
35,2024-01-02,4,8,172,0,
36,2024-03-30,3,10,449,0,
37,2024-03-03,2,14,501,1,2024-09-03
38,2024-05-23,2,13,153,0,
39,2023-02-04,5,10,511,0,
40,2023-07-25,1,1,445,0,
41,2023-03-22,3,2,386,1,2023-12-21
42,2024-07-15,5,6,191,1,2024-12-02
43,2024-01-23,3,10,366,0,
44,2023-01-02,1,5,576,1,2023-07-18
45,2024-01-25,1,12,450,0,
46,2024-07-19,5,14,359,0,
47,2023-04-16,1,9,544,0,
48,2024-04-21,4,5,158,0,
49,2024-12-03,2,2,421,1,2026-04-14
50,2024-02-06,5,10,255,0,
51,2024-12-30,3,4,92,1,2025-06-19
52,2024-07-09,4,9,294,0,
53,2023-06-11,5,1,336,0,
54,2023-07-21,1,11,404,0,
55,2023-09-27,1,1,525,0,
56,2023-09-28,1,12,132,0,
57,2024-03-31,1,7,159,0,
58,2024-04-06,3,11,239,1,2025-04-26
59,2024-12-27,4,3,300,0,
60,2023-09-09,2,10,340,0,
61,2024-12-02,3,2,250,0,
62,2023-10-23,3,9,375,0,
63,2024-12-25,2,3,560,1,2025-08-08
64,2024-12-20,2,2,458,0,
65,2023-12-04,1,12,557,0,
66,2023-02-22,3,8,121,0,
67,2023-08-05,5,10,296,0,
68,2023-07-07,2,6,393,0,
69,2024-01-15,2,6,103,0,
70,2024-05-07,4,10,577,0,
71,2023-02-10,5,11,581,0,
72,2023-06-06,5,7,242,0,
73,2023-01-15,2,7,107,0,
74,2023-03-06,1,11,486,0,
75,2024-06-04,4,13,160,0,
76,2023-12-10,5,15,178,0,
77,2023-05-09,2,6,375,0,
78,2024-10-09,5,4,57,1,2025-02-24
79,2024-04-16,4,11,78,0,
80,2023-03-04,4,9,161,0,
81,2023-05-19,3,6,180,1,2024-06-27
82,2024-05-13,2,4,237,0,
83,2024-08-15,4,12,524,0,
84,2024-01-27,3,3,413,0,
85,2024-11-05,3,4,253,0,
86,2024-02-23,5,3,261,0,
87,2023-10-16,5,15,325,0,
88,2024-01-14,3,2,122,1,2024-05-01
89,2024-05-04,5,14,292,0,
90,2023-08-19,4,5,151,0,
91,2023-02-10,1,2,220,0,
92,2023-01-28,4,6,237,0,
93,2023-05-15,3,3,490,0,
94,2023-07-20,3,6,135,0,
95,2023-02-02,4,15,525,0,
96,2023-02-17,5,11,101,0,
97,2024-05-17,5,10,160,1,2025-07-10
98,2024-02-11,3,9,92,1,2024-08-19
99,2024-07-27,2,1,260,0,
100,2024-12-28,5,6,249,0,
101,2023-04-09,4,9,75,0,
102,2024-11-14,5,11,348,1,2026-02-25
103,2024-12-26,4,4,126,0,
104,2024-06-30,3,11,186,0,
105,2024-09-04,5,12,69,0,
106,2024-04-06,4,2,489,0,
107,2024-10-04,3,13,260,0,
108,2023-01-05,2,4,484,0,
109,2023-08-06,4,1,256,0,
110,2024-05-17,2,3,488,0,
111,2024-02-02,2,10,91,0,
112,2024-01-28,1,9,460,0,
113,2023-07-26,5,10,572,1,2023-09-12
114,2023-01-15,4,5,476,0,
115,2024-07-07,2,15,324,1,2024-12-10
116,2024-04-05,1,11,497,0,
117,2024-11-21,3,6,418,0,
118,2024-07-28,4,3,269,0,
119,2023-08-29,2,5,281,0,
120,2024-07-17,5,11,377,0,
121,2023-04-06,1,8,492,0,
122,2024-04-29,2,6,101,0,
123,2024-02-11,5,4,425,0,
124,2023-08-19,2,2,312,0,
125,2024-10-16,4,14,316,1,2025-06-07
126,2023-06-20,4,9,408,0,
127,2024-06-24,4,13,366,1,2024-08-21
128,2023-02-05,1,12,373,0,
129,2024-06-08,4,1,470,0,
130,2023-06-09,5,1,95,0,
131,2024-11-29,2,13,318,0,
132,2023-08-31,3,4,430,0,
133,2023-03-27,5,7,167,0,
134,2024-07-31,5,1,165,0,
135,2024-11-12,4,9,309,0,
136,2024-07-10,1,4,124,0,
137,2024-07-27,2,3,529,0,
138,2024-10-07,1,1,354,0,
139,2023-01-28,2,10,56,0,
140,2024-09-11,2,4,415,0,
141,2024-07-09,1,9,572,0,
142,2023-12-06,5,13,397,0,
143,2023-11-27,2,14,487,0,
144,2024-10-01,1,10,264,0,
145,2024-05-20,2,6,478,0,
146,2023-12-14,3,6,547,1,2025-04-01
147,2024-04-17,5,1,589,0,
148,2023-08-19,4,10,416,0,
149,2023-07-09,2,2,362,0,
150,2023-08-13,3,11,587,0,
151,2024-01-20,4,6,103,0,
152,2024-01-12,4,2,590,0,
153,2023-10-10,2,3,516,0,
154,2024-09-24,1,4,213,0,
155,2024-09-19,2,11,383,0,
156,2023-09-16,3,5,596,0,
157,2023-12-25,4,15,397,1,2025-04-21
158,2024-12-10,2,9,322,0,
159,2024-03-31,1,12,463,0,
160,2024-02-15,2,15,549,0,
161,2024-10-10,5,15,142,0,
162,2023-11-14,1,4,128,0,
163,2024-11-07,3,13,266,0,
164,2023-08-13,4,11,407,0,
165,2023-08-22,2,9,556,0,
166,2024-11-14,1,11,230,0,
167,2024-10-25,5,10,295,0,
168,2024-01-09,1,3,293,0,
169,2024-11-02,5,8,555,0,
170,2024-08-30,3,12,471,0,
171,2024-04-16,4,1,369,0,
172,2023-08-21,3,11,136,0,
173,2024-11-22,2,9,266,1,2025-07-16
174,2023-04-23,1,9,539,0,
175,2024-05-11,5,10,568,1,2025-09-16
176,2024-03-17,5,2,327,0,
177,2024-07-17,1,4,218,0,
178,2023-09-25,1,13,379,0,
179,2024-05-24,2,8,490,1,2025-03-29
180,2024-01-21,3,7,440,0,
181,2024-01-22,5,1,545,0,
182,2023-04-23,2,5,430,0,
183,2024-09-04,3,7,355,0,
184,2024-09-16,2,15,562,0,
185,2023-03-22,5,4,237,1,2023-09-18
186,2024-11-29,1,15,565,1,2025-08-25
187,2023-04-23,1,15,476,0,
188,2023-01-02,3,1,551,1,2023-10-24
189,2024-10-03,4,9,309,0,
190,2023-08-08,3,14,562,0,
191,2024-07-19,4,5,120,0,
192,2023-08-13,2,11,527,0,
193,2024-01-20,2,2,227,1,2024-08-18
194,2024-02-07,5,8,506,0,
195,2024-09-29,4,11,238,0,
196,2023-05-10,5,13,340,0,
197,2023-02-22,1,2,569,0,
198,2024-11-14,4,3,341,0,
199,2024-12-30,3,14,332,1,2025-05-13
200,2024-11-02,1,10,593,0,
201,2024-12-10,1,1,426,0,
202,2024-02-20,3,11,205,0,
203,2023-09-04,1,2,557,0,
204,2024-03-14,4,14,462,0,
205,2023-07-22,5,7,577,0,
206,2023-07-03,1,10,404,0,
207,2023-05-03,4,2,236,0,
208,2024-02-05,2,6,80,0,
209,2023-10-21,4,15,309,0,
210,2023-10-07,5,3,470,0,
211,2024-09-01,4,4,578,0,
212,2023-07-17,3,11,353,0,
213,2024-05-25,5,15,88,1,2025-08-22
214,2023-05-24,2,13,538,0,
215,2024-08-31,3,8,591,0,
216,2023-07-20,4,14,327,0,
217,2023-05-04,5,3,252,0,
218,2023-07-06,2,10,115,0,
219,2023-11-22,3,6,157,1,2025-02-26
220,2024-04-08,2,1,317,0,
221,2023-12-15,4,7,271,0,
222,2024-10-21,2,8,579,0,
223,2024-02-07,1,11,139,0,
224,2023-12-12,3,14,304,0,
225,2024-05-25,2,8,504,1,2025-07-29
226,2023-05-27,4,3,302,0,
227,2023-05-28,4,14,306,0,
228,2024-12-11,2,10,432,0,
229,2024-05-03,4,1,491,0,
230,2024-10-01,5,9,139,0,
231,2024-07-04,5,13,439,0,
232,2023-12-04,5,6,93,0,
233,2024-10-02,1,11,68,0,
234,2024-04-17,2,9,150,0,
235,2023-05-31,1,7,406,0,
236,2024-02-19,4,1,591,0,
237,2023-10-25,1,12,82,0,
238,2024-09-02,4,12,278,0,
239,2023-09-20,4,1,573,0,
240,2023-05-24,3,6,204,0,
241,2023-12-12,5,5,472,0,
242,2024-09-15,4,9,295,0,
243,2024-07-25,3,2,454,1,2025-11-06
244,2023-01-02,5,8,590,0,
245,2023-10-31,4,11,210,0,
246,2023-09-11,4,5,166,0,
247,2024-10-13,1,2,320,0,
248,2024-03-28,1,13,536,0,
249,2023-02-06,5,10,221,0,
250,2023-06-09,4,11,323,0,
251,2023-01-09,2,11,308,0,
252,2023-08-21,1,12,184,0,
253,2023-04-09,5,6,471,0,
254,2024-10-20,4,10,470,0,
255,2023-07-27,4,8,235,0,
256,2023-05-11,2,4,413,0,
257,2024-02-08,5,2,427,0,
258,2023-06-01,4,12,572,0,
259,2023-02-23,1,11,245,1,2023-11-15
260,2023-04-30,2,5,147,0,
261,2024-11-03,5,15,71,0,
262,2024-09-19,2,12,499,0,
263,2024-08-09,1,2,221,0,
264,2024-09-16,5,2,432,0,
265,2024-02-24,2,15,183,0,
266,2024-02-26,3,6,475,0,
267,2023-04-14,1,11,74,0,
268,2023-09-11,1,10,552,0,
269,2023-08-15,1,9,234,1,2024-03-04
270,2023-04-22,3,13,134,0,
271,2024-05-24,3,4,193,0,
272,2024-04-17,4,6,461,0,
273,2023-04-09,2,7,273,0,
274,2023-06-02,4,13,269,0,
275,2023-12-04,2,11,228,0,
276,2024-12-06,3,6,482,0,
277,2023-06-12,3,8,314,0,
278,2024-12-20,4,4,478,1,2025-06-25
279,2024-11-11,5,12,465,0,
280,2023-06-10,4,15,502,0,
281,2024-08-02,2,1,246,1,2025-02-19
282,2024-02-02,4,7,102,0,
283,2023-10-04,1,3,529,0,
284,2024-05-18,2,14,492,0,
285,2024-01-27,2,6,379,0,
286,2023-05-15,5,2,300,0,
287,2023-07-14,3,9,172,0,
288,2024-02-05,2,1,436,0,
289,2024-10-01,3,6,388,0,
290,2023-02-02,4,6,397,0,
291,2024-11-18,1,5,78,0,
292,2024-04-04,5,13,84,0,
293,2024-04-14,3,5,567,0,
294,2024-01-10,2,1,445,0,
295,2023-01-22,3,10,343,0,
296,2024-10-31,2,12,398,0,
297,2023-02-07,3,5,196,0,
298,2023-08-18,2,2,116,0,
299,2023-12-31,4,7,569,0,
300,2024-07-16,2,3,171,0,
301,2024-03-13,2,13,389,0,
302,2023-10-10,1,15,224,0,
303,2023-01-27,2,4,500,1,2024-05-28
304,2023-08-14,1,3,185,0,
305,2023-10-04,5,3,65,0,
306,2024-08-31,1,4,382,0,
307,2023-10-11,4,5,244,1,2024-09-15
308,2024-04-25,1,1,545,0,
309,2024-03-28,5,4,58,0,
310,2024-10-20,4,12,383,0,
311,2024-05-30,3,12,382,0,
312,2024-06-30,3,11,376,0,
313,2023-07-11,1,8,64,0,
314,2023-02-18,1,10,275,1,2024-04-25
315,2024-05-26,5,7,474,1,2024-11-28
316,2023-01-17,5,9,457,1,2023-10-31
317,2023-06-21,2,5,162,0,
318,2023-08-08,5,13,477,0,
319,2023-06-07,2,15,50,0,
320,2024-04-21,4,10,315,0,
321,2023-02-15,1,4,540,0,
322,2024-01-08,4,8,257,0,
323,2024-06-01,5,9,418,0,
324,2023-04-09,4,13,355,0,
325,2023-02-06,4,7,61,0,
326,2023-10-07,4,14,394,0,
327,2023-12-15,5,7,514,0,
328,2024-05-11,4,5,543,0,
329,2023-10-29,2,4,417,0,
330,2023-06-30,5,14,469,0,
331,2024-08-29,4,10,220,0,
332,2023-04-09,5,1,183,0,
333,2024-11-30,3,10,476,0,
334,2023-04-26,2,10,74,0,
335,2023-07-10,4,7,579,0,
336,2023-09-10,3,1,239,0,
337,2023-06-10,3,1,190,1,2023-12-20
338,2023-09-13,5,5,364,0,
339,2023-11-19,3,13,493,1,2024-05-13
340,2023-05-08,2,9,368,0,
341,2023-01-18,2,6,490,0,
342,2024-07-19,1,3,141,1,2025-09-12
343,2024-07-23,2,13,228,0,
344,2023-11-19,3,3,105,0,
345,2024-11-16,2,7,204,0,
346,2024-09-17,5,6,160,0,
347,2023-10-15,1,9,186,1,2024-04-15
348,2024-10-24,3,6,281,0,
349,2024-09-30,1,5,517,0,
350,2023-06-04,3,10,530,0,
351,2024-05-04,5,7,117,0,
352,2024-01-21,1,1,298,0,
353,2023-04-14,4,12,372,0,
354,2024-01-28,3,7,567,0,
355,2023-09-03,4,3,481,0,
356,2023-06-25,1,14,536,0,
357,2023-02-08,4,9,478,0,
358,2024-04-21,4,15,318,0,
359,2024-11-12,1,6,586,0,
360,2024-06-21,5,9,197,0,
361,2024-02-12,4,13,167,0,
362,2024-06-08,4,15,416,1,2025-10-13
363,2024-05-20,5,5,115,0,
364,2023-02-05,4,7,419,1,2024-03-07
365,2024-11-15,4,13,224,0,
366,2023-01-20,4,14,544,0,
367,2023-11-17,2,4,163,0,
368,2024-05-26,5,15,160,1,2024-08-01
369,2024-02-04,4,7,488,0,
370,2024-10-15,5,13,196,1,2025-03-24
371,2024-04-15,3,1,84,1,2025-05-07
372,2023-05-23,3,7,358,0,
373,2023-04-02,4,8,587,0,
374,2023-12-20,5,5,63,0,
375,2024-12-27,5,2,423,0,
376,2023-02-20,5,5,477,0,
377,2024-10-26,2,6,282,0,
378,2024-11-28,3,12,489,0,
379,2024-07-28,5,2,551,0,
380,2023-07-09,5,14,324,0,
381,2023-05-05,2,6,125,0,
382,2023-05-30,2,6,488,0,
383,2023-11-10,5,1,338,0,
384,2024-07-23,1,14,589,0,
385,2023-12-08,5,1,302,0,
386,2023-11-01,5,14,175,0,
387,2024-11-22,2,11,226,0,
388,2024-11-12,2,10,86,0,
389,2023-02-23,5,3,459,0,
390,2024-03-19,5,14,176,0,
391,2024-09-04,5,10,532,1,2025-06-15
392,2023-09-21,2,10,217,0,
393,2023-02-22,5,15,343,0,
394,2024-07-25,5,12,392,0,
395,2024-09-11,4,3,359,0,
396,2023-01-05,1,4,577,0,
397,2023-04-13,3,2,589,0,
398,2023-07-15,1,9,468,0,
399,2023-12-16,4,10,493,0,
400,2023-02-16,3,12,285,0,
401,2024-10-17,5,11,488,0,
402,2023-09-26,4,14,263,1,2024-05-20
403,2024-01-05,5,7,134,0,
404,2024-09-27,2,7,134,0,
405,2023-04-16,4,15,538,0,
406,2024-10-31,2,6,114,0,
407,2024-10-20,4,15,113,0,
408,2024-10-18,4,3,392,0,
409,2023-04-30,2,6,401,0,
410,2024-08-26,3,15,207,0,
411,2023-02-27,1,14,540,0,
412,2023-12-12,5,12,512,0,
413,2024-04-18,4,8,274,0,
414,2023-04-27,5,8,362,0,
415,2023-05-07,2,11,515,0,
416,2024-01-28,5,13,137,0,
417,2024-10-02,2,9,352,0,
418,2023-02-27,5,15,484,0,
419,2024-09-25,1,1,184,0,
420,2024-05-27,1,14,99,0,
421,2023-04-06,1,1,481,0,
422,2024-09-29,1,3,389,0,
423,2023-04-28,1,3,396,1,2024-08-19
424,2024-07-13,1,10,396,0,
425,2024-08-23,2,8,294,0,
426,2024-05-02,4,15,158,0,
427,2023-08-25,5,10,582,0,
428,2023-09-29,1,1,139,0,
429,2023-07-08,2,13,345,0,
430,2024-12-04,2,2,161,1,2025-04-07
431,2024-03-22,2,2,226,1,2025-04-03
432,2024-08-03,4,3,392,0,
433,2023-09-04,5,13,150,0,
434,2023-03-17,4,6,450,1,2024-03-07
435,2023-06-03,3,1,77,0,
436,2024-10-17,2,2,586,0,
437,2024-03-10,3,13,107,0,
438,2023-03-27,1,15,547,0,
439,2024-11-27,1,13,346,0,
440,2023-10-12,4,1,183,0,
441,2023-08-08,5,5,380,0,
442,2023-03-10,3,13,298,0,
443,2023-02-16,5,13,599,0,
444,2023-04-04,4,7,124,0,
445,2024-03-28,1,8,217,0,
446,2023-07-23,5,10,552,0,
447,2023-08-06,5,1,404,0,
448,2024-04-18,1,7,274,1,2024-11-04
449,2024-03-07,3,13,580,1,2024-12-11
450,2023-12-07,1,5,195,0,
451,2024-07-04,5,10,290,0,
452,2024-09-03,3,1,393,0,
453,2023-10-16,3,3,84,0,
454,2023-09-11,1,7,50,1,2024-04-17
455,2023-12-23,5,10,202,1,2024-08-07
456,2023-01-23,4,1,478,0,
457,2024-06-05,5,7,557,0,
458,2023-04-10,2,5,175,0,
459,2023-06-29,4,1,540,0,
460,2023-08-11,3,1,531,0,
461,2024-10-20,4,14,394,0,
462,2024-03-17,3,1,270,0,
463,2024-08-30,3,11,74,0,
464,2023-11-21,4,9,577,0,
465,2024-05-30,3,11,231,0,
466,2023-01-16,3,13,548,0,
467,2023-12-02,2,3,91,0,
468,2023-09-15,5,15,530,0,
469,2024-05-11,5,13,488,0,
470,2023-06-09,2,5,451,1,2024-02-14
471,2024-04-19,4,11,595,0,
472,2024-10-25,1,10,394,0,
473,2024-11-20,1,12,94,0,
474,2024-11-05,1,9,70,0,
475,2024-01-15,2,6,119,1,2024-03-08
476,2024-06-28,2,12,97,0,
477,2024-11-21,3,9,540,1,2025-08-21
478,2024-03-02,1,8,336,0,
479,2024-09-04,4,8,59,1,2025-11-30
480,2023-09-25,4,1,591,0,
481,2024-07-30,1,13,323,1,2025-07-18
482,2024-02-21,1,9,430,0,
483,2023-06-17,1,6,378,0,
484,2023-02-12,2,9,528,0,
485,2024-07-09,2,3,64,1,2024-12-13
486,2023-10-12,2,12,565,0,
487,2024-02-01,5,3,240,0,
488,2023-01-12,4,6,217,1,2023-05-14
489,2024-08-29,4,9,570,0,
490,2023-10-29,3,7,186,0,
491,2023-09-10,2,14,203,0,
492,2024-05-13,5,13,437,0,
493,2023-02-04,5,3,258,1,2023-12-30
494,2024-12-27,4,3,321,0,
495,2023-03-31,2,2,192,0,
496,2024-08-27,3,9,118,1,2025-02-05
497,2024-08-24,2,13,296,0,
498,2024-02-22,1,15,310,0,
499,2023-04-25,2,3,128,0,
500,2024-09-08,1,11,574,0,
501,2023-07-15,1,5,379,0,
502,2024-05-15,3,14,238,1,2024-08-07
503,2024-09-17,4,14,144,0,
504,2024-05-07,2,9,57,0,
505,2023-03-16,1,8,116,0,
506,2024-02-17,2,2,545,0,
507,2024-01-11,4,3,240,1,2024-07-16
508,2024-02-24,4,2,415,1,2024-04-22
509,2024-12-29,5,8,570,0,
510,2023-10-04,4,6,166,0,
511,2024-11-06,3,6,316,0,
512,2024-01-29,1,12,534,0,
513,2024-04-01,5,15,558,0,
514,2023-07-11,3,9,347,0,
515,2024-11-19,2,8,213,0,
516,2023-04-09,1,4,425,0,
517,2024-07-01,4,15,317,0,
518,2023-04-06,1,12,598,0,
519,2024-10-25,2,4,123,0,
520,2024-10-24,5,9,557,0,
521,2023-07-09,5,1,122,0,
522,2023-02-06,5,13,357,1,2024-04-20
523,2024-01-04,4,2,248,0,
524,2024-11-25,3,2,179,0,
525,2024-06-08,3,13,536,0,
526,2023-10-06,1,13,200,0,
527,2023-08-05,4,6,255,1,2024-04-01
528,2023-09-30,5,15,228,0,
529,2023-03-03,5,4,246,0,
530,2024-08-18,2,13,138,1,2025-02-17
531,2024-12-29,2,11,483,0,
532,2023-12-08,5,10,232,0,
533,2024-02-01,5,13,258,0,
534,2024-11-29,4,3,542,0,
535,2023-01-19,3,3,179,0,
536,2023-06-26,2,3,62,0,
537,2024-09-03,3,6,155,0,
538,2024-01-31,4,14,424,1,2024-12-18
539,2024-03-20,5,8,148,0,
540,2023-08-21,3,11,241,0,
541,2023-03-17,5,7,374,0,
542,2023-09-22,5,14,516,0,
543,2024-03-30,1,4,416,0,
544,2024-12-18,3,11,367,1,2025-08-26
545,2024-01-19,3,12,193,0,
546,2024-07-17,5,4,433,0,
547,2024-05-20,4,11,265,0,
548,2024-01-02,1,10,410,0,
549,2023-05-24,5,15,373,1,2023-10-15
550,2023-03-10,2,11,64,0,
551,2023-04-09,2,11,266,1,2024-07-18
552,2024-01-31,1,14,541,0,
553,2023-01-25,4,11,596,0,
554,2024-04-13,5,2,232,0,
555,2024-04-28,3,14,319,0,
556,2024-07-18,1,1,516,0,
557,2023-05-31,4,9,568,0,
558,2023-05-24,3,12,591,0,
559,2024-07-22,2,15,516,0,
560,2023-02-08,2,12,354,0,
561,2023-04-19,3,2,193,0,
562,2024-11-23,1,13,160,1,2025-05-29
563,2023-02-11,2,8,281,0,
564,2023-07-05,5,15,549,0,
565,2024-02-02,3,9,322,0,
566,2023-08-11,3,4,222,0,
567,2024-09-25,2,8,56,0,
568,2023-05-13,1,9,204,0,
569,2023-06-12,5,10,571,0,
570,2023-08-03,1,10,595,1,2024-05-17
571,2023-08-23,4,5,597,0,
572,2024-10-19,4,13,567,0,
573,2024-08-10,2,14,264,0,
574,2023-01-09,2,7,183,0,
575,2023-03-15,2,10,334,0,
576,2024-05-06,4,4,175,0,
577,2023-09-10,1,1,488,0,
578,2023-08-18,1,3,201,0,
579,2024-06-02,2,5,380,0,
580,2023-06-23,5,3,587,0,
581,2024-10-14,1,12,432,0,
582,2023-06-17,4,13,164,0,
583,2023-06-19,3,11,531,1,2024-03-25
584,2024-01-28,3,7,333,1,2024-06-27
585,2024-09-25,3,12,124,0,
586,2023-07-13,5,9,215,0,
587,2024-05-31,2,15,238,0,
588,2023-01-29,4,12,127,0,
589,2023-06-14,5,6,70,0,
590,2024-02-26,4,13,233,0,
591,2023-12-05,4,10,271,0,
592,2024-10-09,2,1,377,0,
593,2024-05-10,3,7,228,0,
594,2023-12-31,2,15,161,1,2024-11-23
595,2023-12-08,5,3,108,0,
596,2024-05-14,5,5,376,0,
597,2024-10-18,5,10,240,0,
598,2024-05-25,2,4,249,0,
599,2023-11-23,4,10,361,0,
600,2023-08-05,4,5,84,0,
601,2023-10-28,1,5,428,1,2024-08-15
602,2023-05-12,5,6,436,0,
603,2023-03-11,4,14,286,0,
604,2023-09-09,1,10,568,0,
605,2024-02-19,4,12,332,0,
606,2024-03-20,5,10,50,0,
607,2023-07-01,3,13,513,1,2024-08-14
608,2023-06-16,5,13,279,1,2023-09-02
609,2023-04-01,2,11,221,0,
610,2024-12-14,4,6,136,0,
611,2024-06-14,4,8,172,0,
612,2023-02-08,2,8,347,0,
613,2023-05-06,2,11,533,1,2024-06-15
614,2024-03-26,3,9,214,0,
615,2023-06-22,4,8,432,0,
616,2024-10-14,4,13,258,0,
617,2023-08-08,3,11,481,0,
618,2024-09-29,1,2,438,1,2025-09-22
619,2023-02-27,3,14,273,0,
620,2024-10-21,5,14,52,0,
621,2024-04-20,4,12,421,0,
622,2024-03-31,2,10,495,0,
623,2023-12-27,5,12,165,0,
624,2023-01-01,4,11,319,0,
625,2024-01-22,3,15,496,0,
626,2023-12-14,5,1,417,0,
627,2023-07-09,4,10,302,0,
628,2024-05-19,1,2,366,0,
629,2023-07-10,1,2,464,0,
630,2024-05-22,2,12,144,0,
631,2024-01-04,4,3,73,0,
632,2024-02-13,1,10,99,0,
633,2023-04-27,3,7,551,0,
634,2023-05-14,4,2,547,0,
635,2023-02-27,3,14,384,1,2024-01-19
636,2024-07-09,3,1,128,0,
637,2024-11-15,1,14,76,0,
638,2024-11-02,4,6,320,0,
639,2023-06-22,5,9,296,0,
640,2023-05-29,1,15,436,0,
641,2023-03-21,1,3,410,0,
642,2023-08-01,4,6,537,0,
643,2023-07-22,4,3,401,0,
644,2023-08-17,3,14,305,0,
645,2024-11-06,4,13,271,0,
646,2023-08-15,3,1,50,0,
647,2024-10-20,1,14,595,0,
648,2024-06-15,2,13,495,0,
649,2024-03-16,5,12,128,1,2025-04-11
650,2024-02-06,1,5,285,0,
651,2023-02-16,4,10,383,0,
652,2023-08-21,5,14,398,1,2023-12-05
653,2023-11-01,2,13,147,0,
654,2024-06-09,2,11,131,0,
655,2023-05-23,3,4,551,0,
656,2024-02-19,5,7,526,1,2025-06-25
657,2024-05-27,3,6,599,1,2025-09-06
658,2024-01-08,1,10,63,0,
659,2024-07-19,5,7,441,0,
660,2023-09-16,1,5,396,0,
661,2024-10-17,3,15,359,0,
662,2024-04-15,5,15,435,0,
663,2023-01-12,3,4,258,0,
664,2023-11-26,5,7,406,0,
665,2023-12-24,3,7,143,0,
666,2024-02-12,2,6,142,0,
667,2024-10-29,3,8,389,0,
668,2024-01-08,2,4,494,0,
669,2023-01-08,3,10,71,1,2023-06-13
670,2023-05-02,5,5,340,0,
671,2023-12-14,5,4,534,0,
672,2024-11-06,5,12,355,0,
673,2023-03-31,4,1,177,0,
674,2024-10-09,1,12,322,1,2025-05-23
675,2024-11-28,5,8,491,0,
676,2023-11-12,2,1,552,0,
677,2023-06-27,5,5,179,0,
678,2024-06-23,4,15,181,0,
679,2023-02-10,2,6,531,0,
680,2024-12-04,4,6,439,0,
681,2024-05-16,2,13,374,0,
682,2023-05-25,3,5,118,0,
683,2023-07-20,1,3,497,0,
684,2024-12-24,1,15,577,1,2025-08-31
685,2024-04-05,4,5,214,0,
686,2024-07-11,1,12,537,1,2024-11-08
687,2024-06-30,4,8,475,0,
688,2023-09-10,4,14,314,0,
689,2024-01-25,4,2,391,0,
690,2024-08-16,1,6,327,0,
691,2023-09-13,4,9,488,0,
692,2024-12-09,1,8,206,0,
693,2024-03-25,4,14,471,0,
694,2023-01-10,5,11,300,0,
695,2023-08-30,4,8,579,0,
696,2023-09-08,2,8,376,0,
697,2023-01-05,4,15,146,0,
698,2023-04-29,3,13,562,0,
699,2024-01-09,4,7,265,0,
700,2023-03-06,2,8,181,0,
701,2023-05-26,2,13,309,0,
702,2023-08-12,1,6,174,0,
703,2023-08-27,5,2,131,0,
704,2023-06-26,4,2,332,0,
705,2023-10-09,1,8,108,0,
706,2023-03-04,5,11,593,0,
707,2023-08-05,4,1,210,0,
708,2024-11-19,3,6,333,0,
709,2024-04-05,4,13,155,0,
710,2024-09-01,2,6,154,0,
711,2023-04-15,2,11,488,0,
712,2023-04-09,3,4,277,1,2024-06-22
713,2024-05-25,1,12,367,0,
714,2024-01-20,5,11,513,0,
715,2024-02-09,4,13,521,0,
716,2024-06-01,2,15,105,0,
717,2024-04-20,1,11,62,0,
718,2024-12-09,3,13,489,0,
719,2024-10-06,2,10,67,1,2024-11-12
720,2024-03-12,3,3,162,0,
721,2023-01-23,4,13,278,0,
722,2024-07-18,5,11,220,1,2024-09-17
723,2024-11-07,2,3,344,1,2026-03-19
724,2024-12-14,2,15,238,0,
725,2024-04-02,4,15,475,1,2025-03-17
726,2023-03-24,1,13,128,0,
727,2023-05-25,5,13,231,1,2024-07-21
728,2023-03-26,2,1,548,0,
729,2023-03-19,5,3,120,0,
730,2024-04-01,2,4,297,0,
731,2023-01-01,5,11,195,0,
732,2023-02-20,3,11,345,0,
733,2024-11-15,2,5,519,0,
734,2024-12-17,5,3,555,0,
735,2024-03-21,1,6,242,0,
736,2024-03-24,3,11,117,0,
737,2024-05-02,3,14,543,0,
738,2023-02-03,1,15,101,0,
739,2023-12-14,5,12,412,0,
740,2023-04-05,4,5,523,1,2024-01-28
741,2023-03-13,1,3,570,0,
742,2024-07-04,5,6,480,0,
743,2023-06-03,1,6,347,0,
744,2023-09-07,1,15,484,0,
745,2024-11-04,2,14,247,0,
746,2024-03-13,5,8,177,0,
747,2023-04-28,4,2,581,0,
748,2023-11-02,2,1,460,0,
749,2023-09-25,1,4,114,0,
750,2023-02-23,1,7,290,0,
751,2023-08-24,1,15,418,1,2024-03-31
752,2024-01-24,5,11,585,0,
753,2024-02-05,5,10,433,0,
754,2024-09-15,2,3,480,0,
755,2023-10-30,4,3,132,0,
756,2023-07-26,2,5,335,0,
757,2023-08-17,3,5,583,0,
758,2024-07-31,1,13,508,1,2025-08-13
759,2023-03-16,1,10,261,0,
760,2024-03-10,1,3,175,0,
761,2023-04-13,2,9,462,0,
762,2024-02-26,2,4,548,0,
763,2024-12-04,1,13,474,0,
764,2023-11-02,2,13,592,0,
765,2023-04-08,5,15,207,0,
766,2023-12-01,5,3,161,0,
767,2024-03-10,2,11,451,0,
768,2024-03-22,1,2,171,0,
769,2023-11-04,2,10,322,0,
770,2023-09-06,2,13,343,0,
771,2023-06-15,2,11,447,0,
772,2024-04-25,3,9,520,0,
773,2023-12-01,5,4,256,0,
774,2024-06-25,4,3,159,0,
775,2023-04-16,4,7,489,0,
776,2024-07-16,3,8,327,0,
777,2023-03-22,2,11,531,0,
778,2023-05-13,3,14,163,0,
779,2023-05-18,3,2,526,0,
780,2023-07-03,1,7,370,0,
781,2024-02-05,5,12,228,0,
782,2023-11-26,4,5,268,1,2024-06-05
783,2024-05-22,2,15,577,0,
784,2023-03-10,4,11,541,0,
785,2024-06-29,4,5,110,1,2024-09-27
786,2023-02-22,5,3,103,0,
787,2024-03-25,4,5,587,0,
788,2023-07-24,4,12,114,0,
789,2023-05-06,3,2,220,0,
790,2023-02-12,5,4,322,1,2024-05-24
791,2023-04-21,1,6,584,0,
792,2024-10-24,2,1,440,0,
793,2023-07-02,4,10,376,0,
794,2023-04-05,2,4,157,0,
795,2024-01-09,1,6,211,0,
796,2024-06-03,2,9,501,0,
797,2023-12-26,1,14,255,0,
798,2024-11-26,3,11,65,0,
799,2023-10-08,4,11,376,0,
800,2023-07-14,1,13,51,0,
801,2023-07-14,2,2,59,0,
802,2024-10-28,4,11,483,0,
803,2023-04-03,3,7,174,0,
804,2024-11-02,4,6,130,1,2025-08-22
805,2023-03-02,1,2,534,0,
806,2024-09-25,3,8,199,0,
807,2023-02-20,2,7,389,0,
808,2024-02-07,3,11,178,1,2024-12-17
809,2023-01-05,3,5,487,0,
810,2024-04-10,5,12,550,0,
811,2024-08-26,3,5,107,0,
812,2024-11-12,3,7,247,1,2025-03-16
813,2024-06-17,4,9,260,0,
814,2024-02-09,2,11,94,0,
815,2024-05-27,4,15,146,1,2024-08-05
816,2024-10-06,4,9,328,0,
817,2023-08-21,1,9,584,0,
818,2024-06-07,4,6,459,0,
819,2023-12-12,5,10,510,1,2025-02-27
820,2023-02-15,5,6,440,0,
821,2024-06-29,1,3,93,1,2025-11-10
822,2023-03-19,2,1,76,0,
823,2024-12-30,2,7,146,0,
824,2023-03-14,4,4,597,1,2023-09-08
825,2023-09-06,4,1,268,0,
826,2023-02-16,4,15,234,0,
827,2023-05-01,2,8,118,0,
828,2023-08-02,3,12,179,0,
829,2023-08-27,5,6,383,0,
830,2023-02-25,3,6,203,0,
831,2023-12-16,3,2,596,0,
832,2023-04-17,2,15,128,0,
833,2023-02-17,3,1,462,0,
834,2024-07-26,1,13,595,1,2025-03-16
835,2023-12-03,4,14,218,0,
836,2023-01-26,1,14,564,0,
837,2023-09-14,5,2,363,0,
838,2023-01-08,4,4,81,0,
839,2024-09-16,3,2,336,0,
840,2023-09-10,5,1,92,0,
841,2024-11-22,4,7,50,1,2025-09-14
842,2024-12-19,3,11,319,1,2025-01-19
843,2023-10-30,1,11,229,0,
844,2024-09-30,4,15,567,1,2025-04-25
845,2023-02-25,3,12,152,0,
846,2024-12-26,1,8,59,0,
847,2024-06-09,5,6,139,1,2025-09-06
848,2024-04-18,5,4,275,0,
849,2023-01-28,5,14,175,0,
850,2023-03-19,5,6,258,0,
851,2023-08-04,2,3,146,0,
852,2024-01-21,4,12,123,0,
853,2023-12-31,4,8,240,0,
854,2024-10-27,2,10,105,1,2025-06-07
855,2024-06-09,3,14,81,0,
856,2024-11-29,3,13,576,0,
857,2023-11-08,5,13,333,0,
858,2023-01-07,1,2,543,0,
859,2023-01-03,3,5,236,0,
860,2024-09-14,1,1,547,0,
861,2023-12-29,4,6,491,1,2025-02-17
862,2024-05-22,1,2,179,1,2025-05-22
863,2023-10-01,4,4,341,0,
864,2024-05-20,2,6,163,1,2025-08-27
865,2023-01-15,2,10,248,0,
866,2023-07-11,5,11,62,0,
867,2024-09-22,3,8,320,0,
868,2024-04-29,5,12,264,0,
869,2023-01-28,4,8,493,0,
870,2024-12-14,5,11,561,0,
871,2023-02-08,1,6,496,0,
872,2023-09-30,4,4,123,1,2024-05-12
873,2023-08-19,2,8,586,0,
874,2023-03-27,3,13,150,0,
875,2024-04-18,4,8,225,0,
876,2023-05-06,4,10,476,0,
877,2024-06-20,1,14,166,0,
878,2023-05-25,3,1,215,0,
879,2024-06-08,2,4,90,0,
880,2023-07-31,4,4,478,0,
881,2023-01-25,4,7,393,0,
882,2024-08-02,1,14,473,0,
883,2024-01-29,5,14,415,0,
884,2023-03-08,2,11,169,0,
885,2023-08-21,3,7,278,0,
886,2023-04-19,4,13,179,0,
887,2023-05-26,4,11,401,0,
888,2023-04-21,2,15,367,0,
889,2023-08-16,5,8,386,0,
890,2023-04-21,4,11,322,0,
891,2024-04-14,2,5,166,0,
892,2023-02-03,1,7,417,0,
893,2024-09-14,5,8,143,1,2025-09-21
894,2024-01-04,3,15,217,1,2024-10-08
895,2024-08-17,4,9,390,0,
896,2024-07-07,2,3,201,0,
897,2024-02-29,1,3,323,0,
898,2024-09-04,3,4,545,1,2025-05-03
899,2024-06-01,2,5,150,1,2024-11-30
900,2024-11-22,2,10,131,0,
901,2023-10-09,3,1,578,0,
902,2023-11-16,1,15,122,0,
903,2024-03-18,1,15,63,0,
904,2023-11-11,5,7,482,0,
905,2024-01-12,4,9,206,0,
906,2023-10-16,3,8,181,1,2024-04-20
907,2024-03-12,3,15,387,0,
908,2024-10-23,3,15,453,0,
909,2023-10-04,1,5,425,1,2025-02-10
910,2024-12-10,4,14,156,1,2026-01-05
911,2024-08-04,5,14,314,0,
912,2024-05-17,2,4,254,0,
913,2024-09-15,2,12,128,0,
914,2024-05-30,3,7,204,0,
915,2023-12-16,4,5,296,1,2024-06-01
916,2024-03-21,1,7,580,1,2024-11-26
917,2023-12-16,4,12,587,0,
918,2024-08-29,4,1,203,0,
919,2024-10-25,1,1,203,0,
920,2023-05-17,3,10,141,1,2024-03-14
921,2023-08-31,4,14,482,0,
922,2024-06-26,2,13,387,0,
923,2023-02-09,1,3,529,0,
924,2023-08-17,5,14,180,0,
925,2024-07-01,3,11,499,0,
926,2023-08-11,1,2,322,0,
927,2023-01-06,5,2,226,1,2023-07-08
928,2023-11-18,5,7,98,1,2024-08-22
929,2024-04-12,4,12,404,0,
930,2023-03-16,4,10,357,0,
931,2023-01-04,4,2,95,0,
932,2024-10-07,1,11,351,0,
933,2023-04-28,1,4,457,0,
934,2024-08-28,3,2,238,1,2025-07-02
935,2024-05-18,4,6,178,0,
936,2024-07-27,5,8,586,0,
937,2024-03-16,2,10,315,1,2025-06-28
938,2023-07-13,3,4,167,1,2024-10-20
939,2024-12-15,1,15,513,0,
940,2024-01-27,3,5,193,0,
941,2023-01-26,3,4,491,0,
942,2024-03-10,3,3,249,0,
943,2023-06-22,3,5,206,0,
944,2023-10-27,2,14,536,0,
945,2024-10-06,4,9,183,1,2025-09-04
946,2023-11-22,5,8,197,0,
947,2024-02-14,3,8,385,0,
948,2023-04-28,3,8,120,0,
949,2024-12-24,3,12,282,0,
950,2023-08-13,4,8,383,1,2024-06-13
951,2024-06-15,1,7,139,0,
952,2023-04-23,1,8,383,0,
953,2023-05-20,2,11,248,0,
954,2024-07-12,1,14,210,0,
955,2023-01-01,3,8,587,0,
956,2023-03-31,3,13,170,0,
957,2024-10-15,3,14,350,0,
958,2023-11-16,2,8,485,0,
959,2024-07-03,3,12,117,0,
960,2023-05-19,1,10,508,1,2023-06-19
961,2024-05-25,4,7,563,1,2024-09-19
962,2023-09-16,4,12,447,0,
963,2024-11-03,5,1,335,0,
964,2024-11-20,1,4,189,0,
965,2023-01-10,3,13,331,0,
966,2023-09-18,4,13,506,0,
967,2024-10-11,1,4,136,1,2025-08-23
968,2023-06-21,4,5,128,1,2024-09-03
969,2023-01-13,3,10,254,0,
970,2023-06-17,4,6,386,0,
971,2024-10-03,5,4,303,1,2025-03-11
972,2024-08-18,5,15,353,0,
973,2023-11-17,4,2,429,0,
974,2023-11-15,1,6,179,0,
975,2024-09-04,1,15,325,0,
976,2023-11-25,1,8,232,0,
977,2024-07-03,4,15,317,0,
978,2024-02-23,1,8,371,0,
979,2024-08-28,3,7,561,0,
980,2023-04-05,5,6,127,0,
981,2024-08-03,3,2,388,0,
982,2023-11-14,1,15,558,0,
983,2023-08-24,3,7,287,0,
984,2023-11-30,1,11,183,1,2024-03-16
985,2024-01-11,4,12,241,0,
986,2024-04-03,3,14,405,0,
987,2023-05-17,4,14,327,1,2024-03-01
988,2024-08-10,4,5,67,0,
989,2024-06-30,2,6,573,0,
990,2024-05-27,1,10,229,0,
991,2023-10-23,5,8,172,0,
992,2023-11-16,1,14,295,0,
993,2024-07-25,5,8,422,1,2025-04-21
994,2023-12-15,1,3,100,0,
995,2023-08-17,4,12,120,0,
996,2023-09-27,3,12,529,1,2024-03-15
997,2023-10-18,3,14,68,0,
998,2024-12-25,2,7,133,0,
999,2023-06-14,5,1,204,0,
1000,2023-01-05,5,1,406,0,
1001,2024-01-14,5,7,492,0,
1002,2023-03-19,4,15,118,0,
1003,2024-02-14,5,15,572,0,
1004,2024-07-27,3,10,192,0,
1005,2023-05-12,4,9,241,0,
1006,2024-08-23,1,7,436,0,
1007,2023-02-11,5,10,427,0,
1008,2023-03-30,5,5,584,0,
1009,2024-02-06,1,8,342,0,
1010,2023-10-23,5,2,58,1,2024-07-06
1011,2023-10-22,1,9,320,0,
1012,2024-09-07,4,6,436,0,
1013,2024-06-09,3,13,142,0,
1014,2024-11-21,1,9,578,0,
1015,2024-09-28,2,2,203,0,
1016,2024-02-26,1,3,454,0,
1017,2023-01-23,5,12,198,1,2023-08-03
1018,2024-07-28,4,8,316,0,
1019,2023-05-23,4,1,471,0,
1020,2024-10-26,1,15,521,0,
1021,2023-05-25,3,10,596,0,
1022,2023-08-13,2,15,575,0,
1023,2024-05-17,4,15,552,0,
1024,2024-09-07,5,15,63,1,2025-05-30
1025,2023-04-14,5,7,413,0,
1026,2023-02-08,3,7,168,0,
1027,2023-07-17,4,13,287,0,
1028,2024-10-07,1,1,595,0,
1029,2024-08-01,5,9,218,0,
1030,2024-01-26,3,8,571,0,
1031,2023-06-28,4,4,565,0,
1032,2024-07-07,4,10,446,0,
1033,2024-03-23,4,11,155,0,
1034,2024-05-14,4,5,134,0,
1035,2023-01-15,4,2,263,1,2023-06-21
1036,2024-09-14,5,13,170,0,
1037,2024-10-30,3,9,181,0,
1038,2023-10-16,4,15,246,1,2024-06-01
1039,2024-04-22,2,12,68,0,
1040,2023-08-19,2,12,61,0,
1041,2024-02-24,3,6,130,0,
1042,2023-06-06,1,3,379,0,
1043,2024-07-03,1,12,441,0,
1044,2024-03-16,1,7,356,0,
1045,2023-04-07,2,9,316,0,
1046,2024-02-15,1,3,496,0,
1047,2023-10-16,5,2,490,0,
1048,2023-09-11,4,7,51,0,
1049,2023-07-15,2,7,569,0,
1050,2024-08-20,3,4,358,0,
1051,2024-06-05,3,11,571,0,
1052,2024-05-31,4,9,518,0,
1053,2024-09-26,2,14,261,0,
1054,2023-04-28,1,8,161,0,
1055,2023-06-08,1,13,57,0,
1056,2023-08-16,5,13,526,0,
1057,2023-08-04,5,1,509,0,
1058,2024-11-26,1,1,302,1,2026-03-20
1059,2023-01-15,3,5,575,0,
1060,2023-06-06,3,6,487,0,
1061,2024-10-09,5,3,285,0,
1062,2023-09-18,4,13,355,0,
1063,2023-06-06,1,9,527,0,
1064,2023-02-16,5,12,69,0,
1065,2023-11-20,5,10,265,0,
1066,2024-11-15,1,14,184,1,2026-01-08
1067,2023-05-10,1,15,178,0,
1068,2024-02-15,3,6,459,0,
1069,2023-04-05,4,4,471,0,
1070,2024-09-18,4,12,343,1,2024-11-17
1071,2023-10-19,1,7,295,0,
1072,2023-10-10,2,8,135,0,
1073,2023-03-10,5,9,424,1,2023-08-24
1074,2024-10-21,5,13,495,0,
1075,2023-01-11,1,11,427,0,
1076,2023-09-11,2,6,439,0,
1077,2024-07-03,3,15,100,0,
1078,2023-05-14,1,6,291,0,
1079,2024-12-12,1,8,343,0,
1080,2023-01-23,5,12,315,0,
1081,2023-12-12,1,5,169,0,
1082,2023-10-29,1,14,297,0,
1083,2023-12-29,1,3,119,0,
1084,2024-01-31,5,12,106,0,
1085,2023-08-06,3,3,431,0,
1086,2023-05-21,3,13,88,0,
1087,2024-09-07,1,6,492,0,
1088,2023-07-29,5,2,67,0,
1089,2024-09-14,3,6,401,0,
1090,2024-09-07,3,13,347,0,
1091,2024-11-13,3,6,332,1,2025-01-02
1092,2024-04-04,5,8,159,0,
1093,2023-12-22,5,7,229,0,
1094,2023-11-20,1,8,593,0,
1095,2023-05-13,4,14,74,0,
1096,2023-05-07,3,9,106,0,
1097,2023-04-16,4,6,229,0,
1098,2024-08-26,5,14,281,1,2025-05-16
1099,2024-01-13,5,3,392,0,
1100,2023-02-20,5,10,526,0,
1101,2023-01-29,4,3,504,0,
1102,2024-04-06,5,11,281,0,
1103,2023-10-23,1,12,338,1,2024-06-10
1104,2023-10-24,5,1,262,0,
1105,2024-12-26,2,11,307,0,
1106,2024-02-11,4,15,579,0,
1107,2024-09-04,2,13,278,0,
1108,2024-02-09,5,15,275,0,
1109,2023-12-12,1,5,484,0,
1110,2024-09-13,3,14,451,0,
1111,2024-02-24,5,4,137,0,
1112,2023-07-01,1,9,591,0,
1113,2023-01-01,4,15,358,0,
1114,2024-07-20,2,9,392,0,
1115,2024-01-06,2,15,485,0,
1116,2024-10-22,2,14,226,0,
1117,2024-03-06,4,5,188,0,
1118,2023-11-05,1,10,243,0,
1119,2023-05-17,4,4,235,0,
1120,2023-07-21,2,7,267,1,2024-05-24
1121,2024-03-11,5,15,213,0,
1122,2023-11-09,3,6,210,0,
1123,2023-04-27,4,4,574,0,
1124,2024-10-27,4,13,91,0,
1125,2024-07-28,1,13,259,0,
1126,2023-09-01,1,15,324,1,2024-02-08
1127,2024-06-20,4,10,328,0,
1128,2024-08-24,2,2,300,1,2025-11-12
1129,2023-03-16,3,1,359,0,
1130,2024-01-21,1,4,189,0,
1131,2023-07-29,2,4,595,0,
1132,2024-04-19,5,13,579,0,
1133,2024-02-22,1,1,106,0,
1134,2023-12-13,2,6,161,1,2024-06-07
1135,2024-06-12,2,4,54,1,2025-10-12
1136,2024-10-01,3,1,459,1,2024-11-28
1137,2023-06-28,3,1,463,0,
1138,2023-07-01,5,15,231,0,
1139,2024-10-25,2,13,62,0,
1140,2023-01-25,2,1,388,0,
1141,2023-06-29,3,8,308,0,
1142,2024-12-10,1,10,139,0,
1143,2024-05-15,1,8,299,0,
1144,2023-06-10,4,2,304,0,
1145,2023-06-26,3,11,157,0,
1146,2023-10-12,4,13,534,0,
1147,2023-03-04,3,7,307,0,
1148,2024-10-23,5,14,331,0,
1149,2024-10-27,2,8,137,0,
1150,2023-06-05,5,8,253,0,
1151,2024-04-13,3,11,65,0,
1152,2023-02-18,2,10,200,0,
1153,2023-03-25,1,15,303,0,
1154,2023-12-27,1,11,237,0,
1155,2024-11-19,4,13,378,0,
1156,2023-05-28,3,7,593,0,
1157,2024-09-21,3,5,446,0,
1158,2023-12-08,1,1,566,0,
1159,2024-04-20,5,12,508,0,
1160,2023-03-04,2,9,379,0,
1161,2024-12-01,5,13,218,0,
1162,2023-12-26,5,7,415,0,
1163,2024-07-14,1,2,227,0,
1164,2023-11-23,1,6,411,0,
1165,2023-05-21,1,2,89,0,
1166,2023-08-03,4,15,465,0,
1167,2024-03-10,5,1,404,1,2025-04-04
1168,2024-12-23,3,14,304,0,
1169,2023-11-14,2,7,192,0,
1170,2023-02-01,4,13,60,0,
1171,2024-10-31,3,2,75,0,
1172,2023-10-12,5,13,470,0,
1173,2023-11-01,1,14,270,0,
1174,2024-03-04,5,14,545,0,
1175,2024-04-21,2,2,286,1,2025-03-24
1176,2023-10-13,4,13,286,0,
1177,2023-05-24,4,11,268,0,
1178,2024-02-28,2,5,536,1,2025-04-03
1179,2023-01-19,3,14,510,0,
1180,2023-01-18,3,5,193,0,
1181,2024-08-12,4,7,238,0,
1182,2024-01-06,4,1,304,0,
1183,2023-06-24,1,8,117,0,
1184,2023-07-13,3,3,385,1,2024-10-14
1185,2024-05-16,2,4,458,0,
1186,2023-04-23,3,15,349,0,
1187,2023-04-24,1,9,406,1,2023-11-01
1188,2023-08-10,4,4,305,0,
1189,2024-11-08,4,10,402,0,
1190,2024-10-05,1,12,570,0,
1191,2023-09-21,2,15,573,1,2024-10-11
1192,2023-02-24,4,5,333,0,
1193,2024-10-04,5,7,361,0,
1194,2024-04-02,4,4,148,0,
1195,2023-06-11,5,14,246,0,
1196,2024-01-15,1,1,531,1,2025-01-18
1197,2023-03-28,1,9,275,0,
1198,2023-02-24,4,4,414,0,
1199,2024-04-20,3,9,417,1,2024-07-19
1200,2023-06-27,5,6,124,0,
1201,2024-01-26,2,15,91,0,
1202,2023-12-15,4,1,471,0,
1203,2023-01-08,2,12,230,0,
1204,2023-11-09,4,3,594,0,
1205,2024-03-18,3,11,120,1,2024-08-19
1206,2023-11-24,3,2,154,0,
1207,2023-02-23,3,9,249,0,
1208,2023-08-27,3,15,150,0,
1209,2023-08-17,1,12,356,0,
1210,2024-08-01,1,1,426,0,
1211,2023-02-20,5,13,448,0,
1212,2024-08-31,2,14,270,1,2025-12-29
1213,2024-08-26,4,9,231,0,
1214,2023-09-21,4,9,356,0,
1215,2024-02-22,1,8,571,0,
1216,2023-04-06,4,8,445,1,2023-07-15
1217,2023-03-29,1,11,53,0,
1218,2023-03-19,5,14,330,0,
1219,2023-10-15,2,12,264,0,
1220,2023-04-30,5,1,469,1,2024-04-19
1221,2024-05-05,3,11,150,0,
1222,2024-03-27,3,8,570,0,
1223,2024-05-14,3,10,358,0,
1224,2023-06-14,5,14,559,0,
1225,2023-07-01,4,3,112,0,
1226,2024-04-13,2,11,275,0,
1227,2023-01-07,3,7,154,0,
1228,2023-11-26,3,11,474,1,2025-01-23
1229,2024-11-03,3,15,304,1,2025-12-01
1230,2023-05-31,2,1,478,0,
1231,2023-03-26,3,1,483,0,
1232,2023-05-27,2,10,256,0,
1233,2024-09-15,3,13,77,0,
1234,2024-01-16,5,5,385,0,
1235,2024-07-01,5,5,118,0,
1236,2023-10-12,2,8,562,0,
1237,2024-11-30,5,7,216,0,
1238,2023-03-23,2,8,417,0,
1239,2024-05-28,5,6,300,0,
1240,2024-12-09,5,6,219,0,
1241,2024-06-06,2,2,139,0,
1242,2024-01-21,4,6,495,1,2025-05-30
1243,2024-12-07,5,5,343,0,
1244,2024-04-15,3,13,199,0,
1245,2023-04-29,4,3,181,0,
1246,2024-01-31,2,6,482,0,
1247,2024-06-15,4,8,108,1,2025-03-14
1248,2023-09-18,1,9,248,0,
1249,2023-09-13,1,1,264,0,
1250,2023-08-14,5,3,521,0,
1251,2023-02-22,5,3,296,0,
1252,2024-05-14,3,11,431,1,2025-02-16
1253,2024-05-20,4,8,288,0,
1254,2023-12-30,1,1,416,0,
1255,2023-10-07,5,5,217,0,
1256,2024-08-15,4,3,100,0,
1257,2024-12-14,5,2,429,0,
1258,2023-06-07,5,15,523,0,
1259,2024-09-23,1,8,129,0,
1260,2023-02-28,1,3,416,0,
1261,2024-12-27,5,7,510,1,2025-09-03
1262,2023-05-08,2,12,588,0,
1263,2024-12-21,5,11,501,0,
1264,2023-04-25,5,1,513,0,
1265,2023-07-28,3,6,527,0,
1266,2024-06-09,3,3,469,0,
1267,2024-06-04,3,8,263,0,
1268,2024-07-05,2,6,418,0,
1269,2023-08-25,2,12,163,0,
1270,2023-10-08,5,2,552,0,
1271,2023-12-25,3,6,360,0,
1272,2023-07-20,2,7,518,0,
1273,2023-10-05,1,5,93,0,
1274,2023-08-23,5,3,464,1,2024-12-11
1275,2024-05-08,4,4,295,1,2024-06-27
1276,2023-01-04,5,4,133,0,
1277,2024-10-27,4,6,256,0,
1278,2024-03-17,3,10,200,0,
1279,2023-01-29,4,1,577,0,
1280,2023-04-19,3,11,214,1,2024-06-08
1281,2024-09-01,1,4,194,0,
1282,2024-12-27,4,10,86,0,
1283,2023-03-16,5,13,382,0,
1284,2023-05-26,3,4,452,0,
1285,2023-05-08,5,10,463,0,
1286,2023-02-11,2,1,94,0,
1287,2023-12-22,3,9,451,0,
1288,2023-02-10,4,4,255,0,
1289,2023-02-03,3,7,111,0,
1290,2023-01-17,5,12,469,0,
1291,2024-11-07,1,14,517,0,
1292,2023-06-02,3,3,68,0,
1293,2024-01-13,4,10,414,0,
1294,2024-08-10,2,12,349,1,2024-11-29
1295,2024-08-21,1,3,56,1,2025-08-29
1296,2024-09-20,2,14,477,1,2025-10-21
1297,2023-12-08,3,8,166,0,
1298,2023-01-27,5,8,556,0,
1299,2023-10-14,5,11,595,0,
1300,2024-10-07,4,12,374,1,2024-11-15
1301,2024-12-31,5,1,104,1,2026-03-16
1302,2023-06-17,1,10,91,1,2023-07-28
1303,2024-09-01,5,2,346,0,
1304,2023-09-25,4,8,280,1,2024-07-13
1305,2024-03-30,3,1,502,0,
1306,2024-11-15,3,15,443,0,
1307,2024-02-05,5,12,571,0,
1308,2024-04-20,2,8,407,0,
1309,2024-12-02,3,8,493,0,
1310,2024-09-25,5,2,177,0,
1311,2024-07-11,4,4,454,0,
1312,2024-07-29,5,6,441,0,
1313,2023-05-10,3,12,242,1,2023-10-31
1314,2023-12-29,4,11,127,0,
1315,2024-12-05,5,9,134,0,
1316,2024-11-23,1,15,79,0,
1317,2023-10-19,4,8,98,1,2025-02-08
1318,2024-01-06,1,12,194,0,
1319,2023-01-29,2,15,118,0,
1320,2023-05-29,4,8,107,0,
1321,2023-10-23,1,7,528,0,
1322,2023-01-11,3,14,494,0,
1323,2024-05-26,3,13,345,1,2025-01-02
1324,2024-11-06,2,9,220,0,
1325,2023-04-23,4,15,196,0,
1326,2023-07-06,4,2,533,1,2024-04-10
1327,2023-08-15,4,3,355,1,2024-01-05
1328,2023-11-06,2,10,495,0,
1329,2023-04-08,4,8,270,1,2023-06-02
1330,2023-02-24,3,14,427,0,
1331,2024-09-14,1,6,315,0,
1332,2024-10-25,3,10,144,0,
1333,2024-02-10,3,9,311,0,
1334,2023-03-10,1,10,120,0,
1335,2023-11-08,3,4,268,0,
1336,2023-10-16,2,8,582,0,
1337,2024-07-01,1,10,141,0,
1338,2023-05-28,3,3,176,0,
1339,2024-04-11,5,3,129,0,
1340,2023-09-01,3,8,287,0,
1341,2024-05-05,2,5,421,0,
1342,2024-05-21,4,3,535,0,
1343,2023-12-31,3,10,74,0,
1344,2024-04-26,4,11,205,0,
1345,2023-07-20,5,1,566,0,
1346,2023-06-03,3,15,579,0,
1347,2024-03-25,1,3,106,1,2025-01-19
1348,2024-05-15,4,12,68,0,
1349,2023-03-14,5,9,433,0,
1350,2024-12-13,1,5,242,0,
1351,2023-10-23,1,12,286,1,2023-12-24
1352,2023-01-17,1,10,436,0,
1353,2024-10-02,1,15,475,0,
1354,2023-08-05,3,2,326,0,
1355,2023-03-02,3,7,276,0,
1356,2024-09-07,3,15,372,0,
1357,2023-02-11,5,2,202,0,
1358,2023-01-25,5,4,286,0,
1359,2023-02-08,5,12,104,0,
1360,2023-05-11,2,7,485,0,
1361,2024-05-12,5,4,158,0,
1362,2023-08-17,3,7,233,0,
1363,2023-04-18,3,7,417,0,
1364,2023-06-21,2,1,247,1,2023-09-20
1365,2024-03-10,2,6,420,0,
1366,2024-04-22,5,9,422,0,
1367,2023-04-12,4,2,546,0,
1368,2024-06-07,2,14,250,0,
1369,2023-10-02,1,3,558,0,
1370,2024-09-04,3,10,371,0,
1371,2023-02-13,1,5,324,1,2023-10-29
1372,2023-01-17,3,9,260,0,
1373,2023-11-26,3,4,553,0,
1374,2024-07-22,2,1,167,0,
1375,2024-05-11,2,4,91,0,
1376,2023-01-12,1,6,364,0,
1377,2023-11-14,3,5,378,0,
1378,2024-08-14,1,14,66,0,
1379,2023-08-04,4,13,332,1,2024-07-01
1380,2023-12-05,1,1,307,0,
1381,2024-10-22,5,4,68,1,2025-02-23
1382,2023-03-22,1,6,578,0,
1383,2024-12-27,5,13,472,0,
1384,2024-04-29,5,15,515,0,
1385,2024-01-09,5,10,422,0,
1386,2024-12-10,4,10,130,1,2025-02-12
1387,2023-07-19,1,14,597,0,
1388,2024-06-20,1,4,473,0,
1389,2024-04-10,4,15,478,0,
1390,2023-03-30,3,14,437,0,
1391,2023-09-25,2,9,253,1,2024-05-04
1392,2024-10-16,1,5,245,0,
1393,2024-07-24,2,8,334,0,
1394,2024-05-03,4,9,245,0,
1395,2024-06-21,3,10,356,1,2025-10-19
1396,2023-02-16,3,5,63,0,
1397,2023-10-15,3,6,195,0,
1398,2023-01-16,4,1,106,0,
1399,2024-12-11,5,11,259,0,
1400,2024-02-05,5,12,578,0,
1401,2023-03-27,2,15,393,0,
1402,2023-09-07,5,7,328,0,
1403,2024-01-26,5,4,258,0,
1404,2023-12-01,3,11,384,0,
1405,2024-09-20,3,2,337,0,
1406,2024-06-02,2,5,301,0,
1407,2023-05-17,1,12,314,1,2023-08-30
1408,2024-11-18,2,3,320,1,2025-12-31
1409,2024-05-12,2,6,468,0,
1410,2024-12-27,4,8,260,0,
1411,2024-04-21,4,7,414,0,
1412,2024-08-16,2,3,125,0,
1413,2023-08-11,2,8,370,0,
1414,2024-01-07,2,2,482,0,
1415,2024-02-06,5,10,158,0,
1416,2024-03-18,4,9,571,1,2024-12-21
1417,2024-05-04,2,4,96,0,
1418,2024-09-06,3,1,428,0,
1419,2023-09-30,3,8,145,0,
1420,2024-06-09,5,7,152,0,
1421,2023-06-08,5,11,195,0,
1422,2023-06-01,1,13,76,0,
1423,2024-09-11,1,5,579,0,
1424,2023-07-07,1,10,131,0,
1425,2023-04-08,5,13,477,1,2023-07-29
1426,2023-05-11,5,5,528,0,
1427,2023-06-20,5,7,211,0,
1428,2023-07-02,3,5,451,0,
1429,2023-12-30,5,8,557,0,
1430,2023-02-08,3,11,87,0,
1431,2024-06-10,1,13,560,0,
1432,2024-05-11,1,6,442,1,2024-07-04
1433,2024-05-30,1,13,543,1,2024-08-24
1434,2023-12-15,2,5,249,0,
1435,2024-02-01,2,9,304,1,2024-04-02
1436,2024-12-22,4,11,228,0,
1437,2023-06-10,4,2,596,0,
1438,2023-01-16,4,1,438,0,
1439,2024-05-07,2,8,447,0,
1440,2024-03-01,2,12,207,0,
1441,2023-04-18,4,3,53,0,
1442,2024-03-25,4,14,216,0,
1443,2023-11-07,5,11,517,0,
1444,2023-06-19,4,12,458,0,
1445,2024-06-29,5,12,461,1,2025-06-12
1446,2024-02-18,3,12,253,0,
1447,2023-09-08,2,7,243,0,
1448,2023-05-21,4,10,284,0,
1449,2023-10-01,2,13,199,0,
1450,2024-02-20,2,11,208,0,
1451,2024-08-30,2,8,328,0,
1452,2023-02-08,3,15,453,0,
1453,2023-01-29,1,13,360,0,
1454,2024-04-21,4,13,117,0,
1455,2023-11-14,1,6,512,0,
1456,2023-09-02,1,12,137,0,
1457,2024-11-27,1,10,266,0,
1458,2023-09-29,2,14,50,1,2023-11-09
1459,2024-03-15,5,9,184,0,
1460,2023-08-27,2,7,400,0,
1461,2024-01-12,2,15,189,0,
1462,2023-09-23,1,10,182,0,
1463,2023-12-25,2,5,227,1,2024-12-07
1464,2023-12-06,1,8,407,0,
1465,2024-01-24,5,15,429,0,
1466,2024-07-30,4,2,499,0,
1467,2024-11-19,1,7,512,0,
1468,2023-01-03,5,15,157,0,
1469,2024-03-04,4,4,171,0,
1470,2023-05-22,3,9,66,0,
1471,2024-01-11,1,12,245,0,
1472,2024-10-31,1,1,376,0,
1473,2023-11-20,3,7,367,1,2024-11-16
1474,2023-05-26,3,6,528,0,
1475,2023-10-20,1,8,301,0,
1476,2024-10-26,3,5,552,0,
1477,2024-03-07,2,15,168,0,
1478,2024-12-05,4,1,547,0,
1479,2024-08-07,4,1,535,0,
1480,2024-02-03,4,9,94,0,
1481,2023-12-10,2,15,363,0,
1482,2023-05-20,3,10,228,0,
1483,2023-07-06,5,6,467,1,2023-11-04
1484,2023-03-02,3,10,127,0,
1485,2024-01-15,1,5,375,0,
1486,2024-12-10,4,15,406,0,
1487,2024-03-15,3,1,465,0,
1488,2023-11-15,5,6,564,0,
1489,2023-10-29,1,6,263,0,
1490,2023-12-10,2,3,123,0,
1491,2023-01-11,2,13,558,0,
1492,2023-03-03,5,8,381,0,
1493,2023-08-14,1,14,142,0,
1494,2023-06-02,4,15,568,0,
1495,2024-12-11,3,1,318,0,
1496,2024-07-17,1,1,425,0,
1497,2024-07-24,2,6,53,0,
1498,2024-08-06,5,10,187,0,
1499,2024-10-21,5,13,280,0,
1500,2024-07-28,3,1,578,0,
1501,2023-11-06,5,6,101,0,
1502,2023-08-31,5,1,374,0,
1503,2024-05-07,1,14,326,0,
1504,2024-01-01,4,13,585,0,
1505,2023-11-26,3,6,535,0,
1506,2023-04-17,1,3,565,0,
1507,2023-08-14,4,14,201,0,
1508,2023-08-06,1,14,532,0,
1509,2024-05-20,1,15,308,0,
1510,2023-09-16,5,8,373,0,
1511,2024-05-31,4,13,217,1,2024-06-30
1512,2023-02-23,3,15,359,0,
1513,2023-02-16,3,6,528,0,
1514,2024-12-27,4,13,105,0,
1515,2024-11-19,5,11,522,0,
1516,2024-06-04,2,13,345,0,
1517,2023-04-09,1,1,510,0,
1518,2023-01-20,5,15,373,0,
1519,2024-07-26,4,5,190,0,
1520,2024-05-04,1,8,311,0,
1521,2024-02-23,3,3,469,0,
1522,2024-11-20,2,12,290,0,
1523,2023-03-03,3,6,404,0,
1524,2023-05-25,4,5,229,0,
1525,2023-08-04,1,6,115,0,
1526,2023-01-03,4,10,397,0,
1527,2023-06-09,1,1,220,0,
1528,2023-04-30,5,7,523,0,
1529,2023-03-30,2,9,583,0,
1530,2023-11-25,5,2,416,1,2025-03-03
1531,2024-08-02,5,10,156,1,2025-07-23
1532,2023-12-23,4,15,488,0,
1533,2024-09-01,2,5,276,0,
1534,2023-09-24,1,10,493,0,
1535,2024-09-08,1,4,491,0,
1536,2023-11-19,3,6,445,0,
1537,2024-09-26,1,6,133,0,
1538,2024-06-24,4,11,62,1,2024-12-06
1539,2024-10-10,5,2,542,0,
1540,2023-07-14,5,2,317,0,
1541,2023-11-28,5,4,574,0,
1542,2023-06-19,2,1,169,0,
1543,2024-06-04,1,9,402,0,
1544,2024-04-07,4,14,106,0,
1545,2023-02-09,2,14,89,0,
1546,2024-06-20,3,13,385,0,
1547,2023-09-18,4,7,222,0,
1548,2024-01-30,4,12,596,1,2024-09-11
1549,2023-08-14,4,7,308,0,
1550,2023-05-04,5,15,566,0,
1551,2023-02-07,4,3,572,0,
1552,2023-11-24,1,15,166,0,
1553,2023-09-08,4,11,233,0,
1554,2023-06-25,5,15,165,1,2023-12-04
1555,2024-08-24,4,12,211,0,
1556,2024-03-29,3,3,592,0,
1557,2023-02-06,3,1,286,0,
1558,2023-11-12,5,3,115,0,
1559,2024-11-18,1,3,119,0,
1560,2024-08-15,1,4,496,0,
1561,2023-04-24,2,4,465,0,
1562,2023-02-09,5,3,581,0,
1563,2023-10-28,4,10,490,1,2024-02-20
1564,2023-08-12,5,12,513,0,
1565,2023-11-14,2,8,445,0,
1566,2023-12-15,5,8,444,0,
1567,2023-04-25,5,13,375,0,
1568,2024-11-28,2,13,140,0,
1569,2023-11-19,1,1,119,0,
1570,2024-07-21,4,7,215,1,2025-06-10
1571,2023-02-09,2,11,263,0,
1572,2023-02-09,3,2,384,0,
1573,2023-10-16,1,1,418,1,2024-08-19
1574,2023-09-19,3,3,98,0,
1575,2023-08-04,1,4,101,0,
1576,2023-05-27,4,13,338,0,
1577,2023-12-02,4,6,288,0,
1578,2023-06-17,5,10,182,0,
1579,2023-04-02,3,14,215,0,
1580,2023-12-19,1,5,423,0,
1581,2024-07-24,4,15,422,1,2025-07-12
1582,2024-07-24,2,15,527,0,
1583,2024-11-11,4,14,528,0,
1584,2023-12-29,2,4,349,0,
1585,2024-07-10,1,8,131,1,2025-02-04
1586,2023-12-11,4,11,136,0,
1587,2024-11-23,4,12,274,1,2024-12-26
1588,2023-06-19,1,14,65,0,
1589,2023-12-22,4,4,407,0,
1590,2023-07-10,2,13,212,0,
1591,2024-10-28,4,10,563,0,
1592,2024-02-26,3,12,399,0,
1593,2024-11-30,5,13,513,0,
1594,2023-01-07,2,2,424,0,
1595,2023-05-13,3,15,141,0,
1596,2024-07-10,1,3,230,0,
1597,2023-01-31,2,6,350,0,
1598,2024-06-18,5,8,238,0,
1599,2024-03-01,5,8,363,0,
1600,2024-01-29,1,15,542,0,
1601,2024-11-02,1,11,177,0,
1602,2023-12-29,2,15,568,0,
1603,2024-03-12,4,9,475,0,
1604,2024-10-31,1,7,236,0,
1605,2024-07-04,4,13,599,0,
1606,2023-03-23,3,2,502,0,
1607,2023-12-22,5,8,520,0,
1608,2023-09-15,4,7,273,0,
1609,2024-12-18,5,8,203,0,
1610,2024-08-11,4,12,400,0,
1611,2024-06-07,3,3,196,0,
1612,2023-10-22,1,7,398,0,
1613,2023-08-12,3,10,231,0,
1614,2024-06-08,1,13,228,0,
1615,2023-02-15,1,9,88,0,
1616,2024-10-28,5,3,52,0,
1617,2023-04-23,3,14,113,0,
1618,2023-08-21,4,10,78,0,
1619,2023-01-17,3,6,421,1,2023-06-21
1620,2023-12-26,5,2,572,0,
1621,2023-08-11,1,2,146,0,
1622,2024-11-30,5,5,491,0,
1623,2024-03-23,2,5,252,0,
1624,2023-12-31,2,13,460,0,
1625,2024-11-05,4,7,70,0,
1626,2023-11-22,5,12,151,1,2024-06-13
1627,2024-04-11,4,2,95,0,
1628,2024-02-18,4,11,115,0,
1629,2024-03-30,2,14,213,0,
1630,2024-08-08,4,13,160,0,
1631,2023-08-21,2,7,387,0,
1632,2023-08-12,1,5,172,0,
1633,2024-02-16,5,14,496,0,
1634,2024-07-25,4,6,340,0,
1635,2023-12-01,2,8,461,0,
1636,2023-08-10,3,10,330,0,
1637,2023-02-06,4,13,92,0,
1638,2023-10-05,1,14,535,0,
1639,2023-07-15,1,12,100,0,
1640,2024-04-28,3,4,259,0,
1641,2023-08-30,2,13,175,1,2024-06-05
1642,2023-11-20,4,7,541,1,2024-01-09
1643,2024-12-31,2,6,558,0,
1644,2023-07-11,1,10,307,0,
1645,2023-01-17,2,2,237,0,
1646,2024-06-07,1,15,279,0,
1647,2024-02-05,2,8,238,0,
1648,2024-12-05,3,10,464,0,
1649,2023-01-22,5,9,59,0,
1650,2024-04-18,3,5,163,0,
1651,2023-04-30,3,10,125,0,
1652,2023-07-29,5,4,551,0,
1653,2023-11-02,5,6,134,0,
1654,2023-09-27,4,8,98,1,2025-01-08
1655,2024-12-04,4,11,544,0,
1656,2024-11-17,3,15,436,0,
1657,2023-10-12,3,3,438,0,
1658,2024-12-16,1,10,267,0,
1659,2024-11-06,1,11,395,0,
1660,2023-08-15,4,11,279,0,
1661,2024-01-16,4,1,304,0,
1662,2024-04-04,1,4,285,0,
1663,2023-01-07,1,15,75,0,
1664,2023-01-29,2,4,310,0,
1665,2023-02-02,2,1,320,0,
1666,2024-10-07,1,9,172,0,
1667,2023-03-20,2,3,306,0,
1668,2024-04-03,5,5,470,0,
1669,2024-07-23,4,6,308,1,2024-12-04
1670,2024-06-21,4,8,96,0,
1671,2024-04-26,1,6,574,1,2024-07-30
1672,2024-03-05,3,3,257,0,
1673,2023-10-12,1,6,360,0,
1674,2024-05-30,2,1,198,1,2025-09-14
1675,2023-04-09,3,4,487,0,
1676,2024-02-01,2,6,204,0,
1677,2024-05-03,5,7,139,0,
1678,2023-02-08,2,11,407,0,
1679,2023-09-28,5,13,223,1,2024-07-16
1680,2023-06-06,5,11,266,0,
1681,2023-03-16,2,10,505,0,
1682,2023-05-10,2,3,248,0,
1683,2024-11-17,5,9,535,0,
1684,2023-03-25,3,12,582,0,
1685,2023-01-22,5,12,249,0,
1686,2024-04-03,4,7,420,0,
1687,2024-06-22,5,14,497,0,
1688,2024-12-07,3,1,297,1,2025-02-23
1689,2024-01-17,4,2,313,0,
1690,2024-03-15,1,1,107,0,
1691,2024-08-26,1,11,351,0,
1692,2023-01-21,3,9,80,0,
1693,2023-10-30,5,9,547,0,
1694,2023-03-25,2,7,298,1,2023-05-09
1695,2024-10-20,3,10,320,0,
1696,2024-03-28,4,3,443,1,2024-09-18
1697,2024-01-22,4,13,551,0,
1698,2024-05-21,1,15,133,0,
1699,2023-09-14,4,5,414,0,
1700,2024-07-23,3,15,598,0,
1701,2024-06-10,4,4,391,0,
1702,2023-06-11,3,7,456,1,2024-06-14
1703,2023-06-12,2,14,474,0,
1704,2024-06-07,1,9,142,1,2025-03-13
1705,2023-09-28,4,12,461,0,
1706,2024-05-06,3,2,481,0,
1707,2023-07-27,5,13,208,0,
1708,2024-06-22,1,8,63,0,
1709,2024-08-06,2,15,422,1,2025-08-13
1710,2023-03-01,3,9,274,0,
1711,2024-03-05,2,10,554,0,
1712,2024-10-18,2,14,122,0,
1713,2024-08-27,4,10,298,0,
1714,2023-11-05,4,9,560,0,
1715,2024-06-03,3,14,265,0,
1716,2024-08-13,5,10,590,0,
1717,2023-01-27,3,14,269,0,
1718,2024-11-16,5,7,270,0,
1719,2024-07-15,2,15,438,0,
1720,2023-07-18,1,9,91,0,
1721,2024-01-22,3,9,332,0,
1722,2023-12-15,3,14,107,0,
1723,2024-11-23,5,3,586,0,
1724,2024-06-19,2,4,122,0,
1725,2024-01-13,2,2,178,0,
1726,2024-07-11,5,10,475,0,
1727,2024-06-10,2,3,174,0,
1728,2023-06-02,4,11,116,0,
1729,2023-07-25,1,11,55,0,
1730,2024-03-30,3,5,363,0,
1731,2023-09-30,1,5,375,0,
1732,2023-08-24,3,6,555,0,
1733,2024-06-04,4,13,131,0,
1734,2024-11-08,2,7,51,0,
1735,2024-12-26,5,7,253,0,
1736,2024-05-15,4,1,453,0,
1737,2023-04-27,1,14,152,0,
1738,2024-01-21,5,2,585,0,
1739,2023-12-10,2,12,417,0,
1740,2024-08-06,4,9,261,0,
1741,2024-01-30,5,10,258,0,
1742,2023-03-05,4,2,166,0,
1743,2024-12-17,4,6,527,0,
1744,2024-12-21,2,11,154,1,2026-01-08
1745,2023-03-13,3,11,544,0,
1746,2023-10-01,5,1,95,0,
1747,2023-11-16,2,3,380,0,
1748,2023-12-04,4,2,265,1,2024-03-17
1749,2024-01-01,2,3,541,0,
1750,2024-05-09,3,5,498,0,
1751,2024-08-29,5,11,585,0,
1752,2023-06-15,3,10,560,0,
1753,2024-06-27,1,6,507,1,2025-05-12
1754,2023-01-11,5,9,596,0,
1755,2023-10-28,3,12,585,0,
1756,2024-12-29,4,11,589,1,2026-03-20
1757,2023-04-12,5,15,533,0,
1758,2024-02-29,5,15,65,0,
1759,2024-01-27,2,10,292,0,
1760,2023-08-02,4,12,256,0,
1761,2024-11-21,1,12,320,0,
1762,2023-03-29,3,13,164,0,
1763,2024-07-06,2,4,348,0,
1764,2024-02-05,3,7,532,0,
1765,2024-08-10,1,6,446,0,
1766,2023-02-15,1,2,443,0,
1767,2024-11-02,5,10,124,1,2025-09-09
1768,2024-04-07,1,11,531,0,
1769,2024-08-14,3,11,152,0,
1770,2023-11-06,4,11,346,1,2024-02-09
1771,2023-03-27,4,15,227,0,
1772,2023-04-02,5,15,264,0,
1773,2024-10-21,3,8,364,0,
1774,2024-11-03,3,7,88,0,
1775,2024-12-14,1,15,308,0,
1776,2023-08-30,3,15,56,1,2024-01-31
1777,2023-01-02,2,7,98,0,
1778,2023-08-13,1,14,587,0,
1779,2024-08-11,2,15,210,0,
1780,2023-04-26,5,8,225,0,
1781,2024-10-27,4,12,51,0,
1782,2023-04-13,5,12,504,0,
1783,2023-07-13,4,13,325,0,
1784,2023-06-15,5,14,547,0,
1785,2023-03-31,3,11,77,0,
1786,2024-11-16,2,1,382,0,
1787,2023-05-02,4,15,50,0,
1788,2023-05-23,1,13,237,0,
1789,2023-04-16,2,1,105,0,
1790,2024-03-03,1,8,596,0,
1791,2023-11-01,2,4,161,1,2024-10-14
1792,2023-11-13,2,5,359,0,
1793,2024-09-26,5,8,85,1,2025-01-20
1794,2023-01-09,4,5,488,0,
1795,2023-03-14,4,10,374,1,2023-05-23
1796,2023-12-25,2,4,356,0,
1797,2023-08-11,3,12,583,1,2024-12-22
1798,2024-02-20,3,6,158,0,
1799,2024-07-06,1,13,421,0,
1800,2024-01-05,1,15,406,1,2024-08-07
1801,2024-12-16,5,12,230,0,
1802,2023-09-21,2,5,405,0,
1803,2024-11-20,1,14,117,0,
1804,2023-11-14,1,7,341,1,2024-12-01
1805,2023-03-25,2,14,230,0,
1806,2023-11-14,5,10,515,0,
1807,2023-04-21,1,7,483,0,
1808,2023-09-08,5,13,513,0,
1809,2024-01-18,4,4,583,0,
1810,2023-01-07,5,12,115,0,
1811,2024-04-03,3,13,70,0,
1812,2023-03-25,3,5,433,1,2024-05-07
1813,2023-07-27,5,13,88,0,
1814,2024-01-25,3,3,334,0,
1815,2023-11-10,4,15,385,0,
1816,2023-01-22,2,4,237,0,
1817,2024-02-14,3,15,292,0,
1818,2024-05-29,3,14,122,0,
1819,2023-05-07,5,4,528,0,
1820,2024-11-30,4,3,150,0,
1821,2023-01-14,2,13,563,0,
1822,2023-01-12,5,10,225,0,
1823,2023-03-28,5,5,287,0,
1824,2024-06-07,4,5,108,0,
1825,2024-06-20,2,11,148,0,
1826,2023-10-28,4,7,544,0,
1827,2023-08-31,2,4,563,0,
1828,2023-05-02,4,13,346,0,
1829,2023-05-27,5,4,260,0,
1830,2024-07-20,5,9,172,0,
1831,2023-12-22,1,6,278,0,
1832,2024-11-15,3,15,437,0,
1833,2024-09-22,4,4,189,1,2025-09-21
1834,2023-11-05,1,2,590,1,2024-08-26
1835,2024-11-25,3,6,440,0,
1836,2023-10-15,4,2,319,0,
1837,2023-11-03,2,5,61,0,
1838,2024-08-16,3,6,438,0,
1839,2024-12-23,5,4,386,0,
1840,2024-10-23,1,14,555,0,
1841,2024-07-02,3,13,155,0,
1842,2023-12-18,3,3,81,0,
1843,2023-11-08,5,7,123,0,
1844,2023-02-28,4,2,220,0,
1845,2024-10-04,2,13,118,0,
1846,2024-12-14,5,11,411,0,
1847,2023-02-04,2,14,482,0,
1848,2024-03-20,4,6,149,0,
1849,2023-04-03,3,13,58,0,
1850,2023-07-26,2,4,78,0,
1851,2023-12-19,1,6,163,0,
1852,2023-11-28,1,4,511,0,
1853,2024-12-25,5,4,192,0,
1854,2023-06-08,4,15,439,1,2024-04-03
1855,2023-01-24,5,4,206,0,
1856,2024-02-08,5,9,384,0,
1857,2024-05-30,5,7,309,0,
1858,2023-12-30,1,3,131,1,2024-03-10
1859,2024-01-17,1,3,490,0,
1860,2024-06-15,5,6,221,1,2024-10-15
1861,2023-06-01,1,6,280,0,
1862,2024-07-15,4,4,124,0,
1863,2024-11-19,5,15,319,1,2025-06-21
1864,2024-08-30,1,15,111,0,
1865,2024-09-08,2,9,369,0,
1866,2024-02-24,5,4,151,0,
1867,2023-09-07,5,9,478,0,
1868,2023-04-27,4,4,304,0,
1869,2024-05-26,3,2,581,0,
1870,2024-07-31,3,2,161,0,
1871,2023-12-01,4,5,362,0,
1872,2024-02-22,4,4,510,1,2024-10-23
1873,2023-10-22,4,7,511,0,
1874,2024-01-06,3,14,141,0,
1875,2023-07-05,4,11,101,0,
1876,2023-09-03,1,5,569,0,
1877,2024-09-28,5,6,147,0,
1878,2023-09-25,5,10,285,1,2023-11-10
1879,2024-10-04,2,4,423,0,
1880,2023-08-25,2,13,283,0,
1881,2024-06-13,5,12,81,0,
1882,2024-07-05,1,2,338,0,
1883,2023-01-21,3,13,591,1,2024-05-08
1884,2024-06-03,3,10,163,0,
1885,2023-04-10,1,9,253,0,
1886,2024-04-22,3,10,78,0,
1887,2024-08-21,4,15,523,0,
1888,2023-10-25,5,7,302,0,
1889,2024-06-09,5,4,435,0,
1890,2023-11-30,1,3,111,0,
1891,2023-01-02,3,10,564,0,
1892,2024-01-10,2,14,479,0,
1893,2023-10-20,2,15,586,1,2024-08-09
1894,2024-07-06,3,3,190,1,2024-11-26
1895,2023-11-14,2,9,349,0,
1896,2024-05-16,1,5,360,0,
1897,2024-01-16,1,13,520,0,
1898,2024-09-14,3,15,442,0,
1899,2023-01-14,2,3,494,0,
1900,2024-05-18,1,15,221,0,
1901,2023-08-19,1,5,80,1,2024-07-05
1902,2023-03-25,4,2,96,1,2024-07-23
1903,2023-05-10,4,11,179,0,
1904,2023-05-25,1,4,401,0,
1905,2023-01-28,3,10,107,0,
1906,2023-03-07,5,2,155,0,
1907,2023-06-12,5,2,379,0,
1908,2023-08-17,1,12,432,0,
1909,2023-09-18,1,8,211,1,2025-01-23
1910,2024-03-24,1,1,335,0,
1911,2024-02-28,3,14,120,0,
1912,2024-04-04,4,7,503,0,
1913,2024-11-06,1,5,446,0,
1914,2023-10-28,1,15,564,0,
1915,2023-10-30,2,11,75,1,2024-09-15
1916,2023-10-14,3,8,362,0,
1917,2024-01-30,1,1,175,0,
1918,2023-01-10,2,11,457,0,
1919,2024-12-07,5,7,247,0,
1920,2024-09-21,1,5,237,0,
1921,2023-09-27,1,4,533,0,
1922,2024-08-14,2,7,499,0,
1923,2024-08-27,3,10,572,0,
1924,2023-12-27,1,15,403,0,
1925,2023-09-14,5,2,149,0,
1926,2023-05-13,1,12,327,0,
1927,2023-10-03,5,15,540,0,
1928,2024-11-13,4,1,304,0,
1929,2024-05-27,4,1,430,0,
1930,2023-11-09,5,11,591,0,
1931,2024-07-29,3,12,313,0,
1932,2023-10-11,1,1,378,0,
1933,2023-05-01,1,15,164,0,
1934,2023-04-17,4,12,325,0,
1935,2024-11-17,5,5,537,0,
1936,2023-07-23,1,10,330,0,
1937,2023-06-14,1,7,324,0,
1938,2023-11-01,3,2,377,0,
1939,2024-05-11,2,10,260,0,
1940,2024-09-23,4,8,75,0,
1941,2024-07-09,4,4,76,1,2024-09-24
1942,2023-06-05,2,12,132,0,
1943,2024-01-02,1,3,462,0,
1944,2024-12-19,3,10,216,0,
1945,2024-09-11,3,11,218,0,
1946,2023-09-08,4,8,278,0,
1947,2023-11-30,3,2,416,0,
1948,2024-10-03,2,11,577,1,2025-09-04
1949,2024-05-25,1,11,587,1,2024-09-28
1950,2023-10-20,2,13,573,0,
1951,2023-01-20,5,3,121,0,
1952,2023-10-09,4,12,155,0,
1953,2023-01-01,3,3,331,0,
1954,2023-04-29,5,10,182,0,
1955,2023-02-04,3,11,583,0,
1956,2023-07-17,1,1,318,0,
1957,2024-04-29,1,6,461,0,
1958,2023-02-28,1,2,67,0,
1959,2023-06-10,3,1,166,1,2024-07-18
1960,2024-11-21,5,2,193,0,
1961,2023-07-25,1,12,471,0,
1962,2023-01-12,5,6,418,0,
1963,2024-05-04,3,14,99,0,
1964,2023-10-03,5,4,155,0,
1965,2024-11-23,3,6,265,0,
1966,2023-08-30,3,12,474,0,
1967,2023-08-04,4,9,121,0,
1968,2023-09-08,3,13,495,0,
1969,2023-05-06,3,10,235,0,
1970,2023-08-05,2,12,119,0,
1971,2023-11-02,1,10,199,0,
1972,2023-07-04,4,8,295,0,
1973,2023-02-08,4,1,587,0,
1974,2023-08-11,4,13,148,0,
1975,2023-07-03,2,8,327,1,2023-11-04
1976,2024-05-09,3,9,504,0,
1977,2024-03-02,1,6,153,0,
1978,2023-06-27,5,10,282,0,
1979,2024-03-03,3,15,443,0,
1980,2023-10-21,2,5,550,0,
1981,2023-05-31,3,6,300,1,2024-05-20
1982,2024-01-19,3,13,570,0,
1983,2024-09-29,2,6,128,0,
1984,2023-11-04,4,9,101,0,
1985,2023-12-02,4,4,275,0,
1986,2024-01-10,1,2,100,1,2024-04-22
1987,2023-01-08,1,11,235,0,
1988,2023-12-07,4,11,83,0,
1989,2023-05-09,5,9,180,0,
1990,2024-10-30,3,2,492,0,
1991,2023-12-18,5,10,481,0,
1992,2023-12-24,3,9,546,0,
1993,2024-05-31,4,2,452,0,
1994,2024-05-09,1,12,372,0,
1995,2023-03-27,1,8,259,0,
1996,2023-06-24,5,9,378,0,
1997,2023-07-12,1,12,421,0,
1998,2023-11-07,4,10,509,0,
1999,2023-04-29,5,9,182,0,
2000,2023-08-06,3,10,170,1,2024-08-05
